shipment_item_id,shipment_id,line_number,sku,product_description_on_order,quantity,unit,unit_price,line_value,declared_hs_code,batch_id,gross_weight_kg,volume_cbm
SHP-000001-L1,SHP-000001,1,EU-APP-0001,Kids blue sweatshirt,2500,pcs,1.902108,4755.27,611020,BATCH-000001,1197.02,5.544
SHP-000002-L1,SHP-000002,1,EU-APP-0058,Adult women knitted dress - Grey,1966,pcs,10.35,20348.1,610443,BATCH-000002-1,1022.22,8.516
SHP-000003-L1,SHP-000003,1,EU-APP-0016,Adult unisex knitted t-shirt - Olive,4266,pcs,23.26,99227.16,610910,BATCH-000003-1,928.52,4.943
SHP-000003-L2,SHP-000003,2,EU-APP-0074,Adult men woven shirt - Navy,2433,pcs,26.71,64985.43,620520,BATCH-000003-2,872.41,6.34
SHP-000004-L1,SHP-000004,1,EU-APP-0009,Adult women knitted dress - Grey,3960,pcs,13.64,54014.4,610443,BATCH-000004-1,2139.61,14.379
SHP-000004-L2,SHP-000004,2,EU-APP-0003,Child unisex knitted sweatshirt - White,747,pcs,18.68,13953.96,611020,BATCH-000004-2,319.28,1.617
SHP-000005-L1,SHP-000005,1,EU-APP-0030,Adult men woven shirt - Olive,2411,pcs,8.59,20710.49,620520,BATCH-000005-1,756.34,4.743
SHP-000005-L2,SHP-000005,2,EU-APP-0028,Adult men woven shirt - Grey,1524,pcs,12.67,19309.08,620520,BATCH-000005-2,526.78,3.488
SHP-000006-L1,SHP-000006,1,EU-APP-0047,Adult women woven trousers - Black,3884,pcs,4.44,17244.96,620462,BATCH-000006-1,2070.53,9.804
SHP-000007-L1,SHP-000007,1,EU-APP-0077,Adult unisex knitted t-shirt - Pink,856,pcs,25.64,21947.84,610910,BATCH-000007-1,199.75,0.978
SHP-000008-L1,SHP-000008,1,EU-APP-0039,Adult women woven trousers - Navy,3492,pcs,12.98,45326.16,620462,BATCH-000008-1,2050.91,11.649
SHP-000009-L1,SHP-000009,1,EU-APP-0018,Adult unisex knitted t-shirt - Pink,712,pcs,11.82,8415.84,610910,BATCH-000009-1,160.92,1.171
SHP-000009-L2,SHP-000009,2,EU-APP-0058,Adult women knitted dress - Grey,4074,pcs,25.18,102583.32,610443,BATCH-000009-2,2052.16,16.651
SHP-000010-L1,SHP-000010,1,EU-APP-0045,Adult women woven blouse - Navy,3186,pcs,18.11,57698.46,620630,BATCH-000010-1,946.58,5.557
SHP-000011-L1,SHP-000011,1,EU-APP-0069,Adult women knitted dress - Beige,1415,pcs,6.38,9027.7,610443,BATCH-000011-1,702.18,4.784
SHP-000011-L2,SHP-000011,2,EU-APP-0054,Adult men woven jacket - Blue,480,pcs,5.44,2611.2,62019300,BATCH-000011-2,485.37,3.403
SHP-000012-L1,SHP-000012,1,EU-APP-0038,Adult unisex knitted hoodie - Beige,914,pcs,17.68,16159.52,611020,BATCH-000012-1,676.48,3.609
SHP-000013-L1,SHP-000013,1,EU-APP-0072,Adult men woven shirt - Red,2163,pcs,24.07,52063.41,620520,BATCH-000013-1,745.96,3.883
SHP-000014-L1,SHP-000014,1,EU-APP-0064,Child unisex knitted sweatshirt - Olive,3892,pcs,25.09,97650.28,61102000,BATCH-000014-1,1659.45,9.05
SHP-000014-L2,SHP-000014,2,EU-APP-0028,Adult men woven shirt - Grey,2156,pcs,13.13,28308.28,620520,BATCH-000014-2,736.28,3.65
SHP-000014-L3,SHP-000014,3,EU-APP-0043,Child unisex sweatshirt - Grey,948,pcs,26.89,25491.72,611020,BATCH-000014-3,443.29,2.292
SHP-000015-L1,SHP-000015,1,EU-APP-0076,Adult unisex knitted t-shirt - Blue,1806,pcs,25.8,46594.8,610910,BATCH-000015-1,422.89,1.949
SHP-000016-L1,SHP-000016,1,EU-APP-0024,Adult unisex knitted t-shirt - Navy,1436,pcs,18.48,26537.28,610910,BATCH-000016-1,350.69,1.643
SHP-000016-L2,SHP-000016,2,EU-APP-0004,Adult women woven blouse - Black,3796,pcs,17.58,66733.68,620630,BATCH-000016-2,1043.69,7.887
SHP-000017-L1,SHP-000017,1,EU-APP-0057,Adult unisex knitted hoodie - Pink,3596,pcs,9.24,33227.04,611020,BATCH-000017-1,3078.42,17.443
SHP-000017-L2,SHP-000017,2,EU-APP-0006,Adult women knitted dress - Black,1727,pcs,16.81,29030.87,610443,BATCH-000017-2,951.23,5.878
SHP-000018-L1,SHP-000018,1,EU-APP-0064,Child unisex sweatshirt - Olive,3401,pcs,11.26,38295.26,611020,BATCH-000018-1,1469.45,8.017
SHP-000019-L1,SHP-000019,1,EU-APP-0036,Adult women woven trousers - White,4007,pcs,25.68,102899.76,620462,BATCH-000019-1,2287.56,13.456
SHP-000020-L1,SHP-000020,1,EU-APP-0030,Adult men woven shirt - Olive,4402,pcs,4.44,19544.88,620520,BATCH-000020-1,1320.89,7.501
SHP-000020-L2,SHP-000020,2,EU-APP-0033,Adult unisex knitted hoodie - Beige,575,pcs,10.95,6296.25,611020,BATCH-000020-2,407.53,2.603
SHP-000021-L1,SHP-000021,1,EU-APP-0034,Adult women woven trousers - White,2285,pcs,4.45,10168.25,620462,BATCH-000021-1,1441.29,11.895
SHP-000022-L1,SHP-000022,1,EU-APP-0072,Adult men woven shirt - Red,3900,pcs,5.08,19812.0,620520,BATCH-000022-1,1379.68,6.484
SHP-000023-L1,SHP-000023,1,EU-APP-0030,Adult men woven shirt - Olive,2688,pcs,6.47,17391.36,620520,BATCH-000023-1,803.9,4.193
SHP-000024-L1,SHP-000024,1,EU-APP-0008,Adult unisex hoodie - Black,737,pcs,16.94,12484.78,611020,BATCH-000024-1,524.22,4.23
SHP-000025-L1,SHP-000025,1,EU-APP-0052,Adult unisex knitted t-shirt - Black,3571,pcs,11.16,39852.36,610910,BATCH-000025-1,771.73,5.699
SHP-000025-L2,SHP-000025,2,EU-APP-0064,Child unisex knitted sweatshirt - Olive,3237,pcs,9.75,31560.75,611020,BATCH-000025-2,1399.26,10.22
SHP-000026-L1,SHP-000026,1,EU-APP-0017,Adult men woven jacket - Black,432,pcs,14.16,6117.12,620193,BATCH-000026-1,397.74,2.796
SHP-000027-L1,SHP-000027,1,EU-APP-0033,Adult unisex hoodie - Beige,2188,pcs,26.1,57106.8,611020,BATCH-000027-1,1555.23,12.216
SHP-000028-L1,SHP-000028,1,EU-APP-0050,Adult men woven jacket - Grey,3137,pcs,16.32,51195.84,620193,BATCH-000028-1,2768.85,12.94
SHP-000028-L2,SHP-000028,2,EU-APP-0038,Adult unisex knitted hoodie - Beige,3472,pcs,9.74,33817.28,611020,BATCH-000028-2,2475.34,11.648
SHP-000028-L3,SHP-000028,3,EU-APP-0010,Child unisex knitted sweatshirt - Pink,3539,pcs,19.24,68090.36,611020,BATCH-000028-3,1790.61,9.081
SHP-000029-L1,SHP-000029,1,EU-APP-0063,Adult men woven jacket - Red,2027,pcs,5.58,11310.66,620193,BATCH-000029-1,1970.99,9.396
SHP-000030-L1,SHP-000030,1,EU-APP-0051,Adult unisex knitted t-shirt - Grey,3032,pcs,26.36,79923.52,61091000,BATCH-000030-1,711.27,3.392
SHP-000031-L1,SHP-000031,1,EU-APP-0029,Adult unisex t-shirt - Pink,3907,pcs,25.64,100175.48,610910,BATCH-000031-1,890.46,4.308
SHP-000031-L2,SHP-000031,2,EU-APP-0027,Adult men woven shirt - White,1234,pcs,7.05,8699.7,620520,BATCH-000031-2,408.22,2.012
SHP-000032-L1,SHP-000032,1,EU-APP-0024,Adult unisex knitted t-shirt - Navy,2398,pcs,26.85,64386.3,610910,BATCH-000032-1,606.64,3.701
SHP-000033-L1,SHP-000033,1,EU-APP-0055,Child unisex sweatshirt - Navy,2075,pcs,13.41,27825.75,611020,BATCH-000033-1,1022.22,5.369
SHP-000034-L1,SHP-000034,1,EU-APP-0029,Adult unisex knitted t-shirt - Pink,697,pcs,12.59,8775.23,610910,BATCH-000034-1,154.56,0.978
SHP-000035-L1,SHP-000035,1,EU-APP-0027,Adult men woven shirt - White,406,pcs,10.64,4319.84,620520,BATCH-000035-1,137.47,1.038
SHP-000035-L2,SHP-000035,2,EU-APP-0074,Adult men woven shirt - Navy,3082,pcs,27.99,86265.18,620520,BATCH-000035-2,1128.89,6.746
SHP-000035-L3,SHP-000035,3,EU-APP-0075,Adult women woven blouse - Pink,4395,pcs,6.19,27205.05,620630,BATCH-000035-3,1320.47,6.119
SHP-000036-L1,SHP-000036,1,EU-APP-0080,Adult women woven trousers - Navy,656,pcs,12.27,8049.12,620462,BATCH-000036-1,374.99,2.676
SHP-000037-L1,SHP-000037,1,EU-APP-0017,Adult men woven jacket - Black,2398,pcs,22.21,53259.58,620193,BATCH-000037-1,2244.29,12.328
SHP-000037-L2,SHP-000037,2,EU-APP-0059,Adult women woven blouse - Red,3677,pcs,26.32,96778.64,620630,BATCH-000037-2,995.17,4.875
SHP-000038-L1,SHP-000038,1,EU-APP-0042,Adult women woven blouse - Beige,3713,pcs,8.86,32897.18,620630,BATCH-000038-1,1014.78,5.128
SHP-000039-L1,SHP-000039,1,EU-APP-0023,Adult unisex knitted t-shirt - Beige,1770,pcs,19.23,34037.1,610910,BATCH-000039-1,416.63,2.299
SHP-000040-L1,SHP-000040,1,EU-APP-0071,Adult women woven blouse - White,3674,pcs,4.4,16165.6,620630,BATCH-000040-1,1191.02,6.922
SHP-000041-L1,SHP-000041,1,EU-APP-0051,Adult unisex knitted t-shirt - Grey,2746,pcs,7.91,21720.86,610910,BATCH-000041-1,643.26,3.439
SHP-000041-L2,SHP-000041,2,EU-APP-0026,Adult women woven blouse - Beige,466,pcs,9.85,4590.1,620630,BATCH-000041-2,134.94,0.859
SHP-000042-L1,SHP-000042,1,EU-APP-0070,Child unisex sweatshirt - Blue,3640,pcs,8.07,29374.8,611020,BATCH-000042-1,1601.64,11.079
SHP-000043-L1,SHP-000043,1,EU-APP-0013,Adult women knitted dress - Beige,1865,pcs,9.89,18444.85,610443,BATCH-000043-1,985.38,6.282
SHP-000044-L1,SHP-000044,1,EU-APP-0077,Adult unisex t-shirt - Pink,680,pcs,18.78,12770.4,610910,BATCH-000044-1,153.63,1.155
SHP-000045-L1,SHP-000045,1,EU-APP-0025,Adult men woven jacket - White,1262,pcs,16.74,21125.88,620193,BATCH-000045-1,1140.07,9.126
SHP-000045-L2,SHP-000045,2,EU-APP-0035,Adult women woven blouse - Grey,2793,pcs,14.54,40610.22,620630,BATCH-000045-2,801.21,4.634
SHP-000046-L1,SHP-000046,1,EU-APP-0004,Adult women woven blouse - Black,943,pcs,9.81,9250.83,620630,BATCH-000046-1,260.98,1.326
SHP-000046-L2,SHP-000046,2,EU-APP-0058,Adult women knitted dress - Grey,4205,pcs,8.07,33934.35,610443,BATCH-000046-2,2136.12,17.442
SHP-000047-L1,SHP-000047,1,EU-APP-0010,Child unisex knitted sweatshirt - Pink,2564,pcs,25.22,64664.08,611020,BATCH-000047-1,1288.29,9.406
SHP-000047-L2,SHP-000047,2,EU-APP-0066,Adult men woven jacket - Black,2502,pcs,26.83,67128.66,620193,BATCH-000047-2,2280.47,16.344
SHP-000048-L1,SHP-000048,1,EU-APP-0062,Adult unisex knitted t-shirt - Blue,2367,pcs,4.45,10533.15,610910,BATCH-000048-1,540.47,3.949
SHP-000049-L1,SHP-000049,1,EU-APP-0078,Adult women woven blouse - Olive,3446,pcs,12.22,42110.12,620630,BATCH-000049-1,971.49,4.915
SHP-000049-L2,SHP-000049,2,EU-APP-0024,Adult unisex knitted t-shirt - Navy,2412,pcs,18.69,45080.28,610910,BATCH-000049-2,615.13,3.889
SHP-000049-L3,SHP-000049,3,EU-APP-0065,Adult women woven trousers - White,1915,pcs,25.86,49521.9,620462,BATCH-000049-3,1130.91,8.071
SHP-000050-L1,SHP-000050,1,EU-APP-0028,Adult men woven shirt - Grey,3310,pcs,13.03,43129.3,620520,BATCH-000050-1,1142.87,8.215
SHP-000051-L1,SHP-000051,1,EU-APP-0078,Adult women woven blouse - Olive,3028,pcs,12.64,38273.92,620630,BATCH-000051-1,879.76,4.432
SHP-000052-L1,SHP-000052,1,EU-APP-0051,Adult unisex knitted t-shirt - Grey,2489,pcs,24.56,61129.84,610910,BATCH-000052-1,565.18,2.758
SHP-000053-L1,SHP-000053,1,EU-APP-0024,Adult unisex knitted t-shirt - Navy,2631,pcs,7.73,20337.63,610910,BATCH-000053-1,653.49,3.279
SHP-000054-L1,SHP-000054,1,EU-APP-0068,Adult women knitted dress - Pink,3526,pcs,7.08,24964.08,610443,BATCH-000054-1,1828.84,9.303
SHP-000055-L1,SHP-000055,1,EU-APP-0043,Child unisex knitted sweatshirt - Grey,1973,pcs,12.62,24899.26,611020,BATCH-000055-1,936.02,6.544
SHP-000056-L1,SHP-000056,1,EU-APP-0010,Child unisex sweatshirt - Pink,3212,pcs,21.26,68287.12,611020,BATCH-000056-1,1574.08,12.005
SHP-000057-L1,SHP-000057,1,EU-APP-0046,Adult unisex knitted t-shirt - Black,1569,pcs,12.29,19283.01,610910,BATCH-000057-1,384.98,1.963
SHP-000057-L2,SHP-000057,2,EU-APP-0076,Adult unisex knitted t-shirt - Blue,3971,pcs,4.84,19219.64,61091000,BATCH-000057-2,948.68,5.426
SHP-000058-L1,SHP-000058,1,EU-APP-0047,Adult women woven trousers - Black,1721,pcs,7.33,12614.93,620462,BATCH-000058-1,921.51,6.495
SHP-000059-L1,SHP-000059,1,EU-APP-0034,Adult women woven trousers - White,3641,pcs,8.12,29564.92,620462,BATCH-000059-1,2242.74,13.479
SHP-000059-L2,SHP-000059,2,EU-APP-0002,Adult men woven jacket - Blue,3480,pcs,26.89,93577.2,620193,BATCH-000059-2,3512.1,20.09
SHP-000060-L1,SHP-000060,1,EU-APP-0055,Child unisex knitted sweatshirt - Navy,1967,pcs,21.85,42978.95,611020,BATCH-000060-1,962.38,7.087
SHP-000060-L2,SHP-000060,2,EU-APP-0029,Adult unisex knitted t-shirt - Pink,3171,pcs,11.71,37132.41,610910,BATCH-000060-2,705.12,3.475
SHP-000061-L1,SHP-000061,1,EU-APP-0023,Adult unisex knitted t-shirt - Beige,3918,pcs,4.61,18061.98,610910,BATCH-000061-1,908.85,4.345
SHP-000062-L1,SHP-000062,1,EU-APP-0062,Adult unisex knitted t-shirt - Blue,3437,pcs,21.17,72761.29,610910,BATCH-000062-1,805.93,4.404
SHP-000063-L1,SHP-000063,1,EU-APP-0061,Adult unisex knitted hoodie - Black,1114,pcs,15.52,17289.28,611020,BATCH-000063-1,808.13,4.378
SHP-000063-L2,SHP-000063,2,EU-APP-0011,Adult men woven jacket - Olive,689,pcs,17.26,11892.14,62019300,BATCH-000063-2,673.61,3.517
SHP-000064-L1,SHP-000064,1,EU-APP-0020,Adult unisex hoodie - Beige,2689,pcs,15.09,40577.01,611020,BATCH-000064-1,2045.51,14.037
SHP-000065-L1,SHP-000065,1,EU-APP-0079,Adult women woven blouse - Grey,4026,pcs,4.11,16546.86,620630,BATCH-000065-1,1144.48,5.528
SHP-000066-L1,SHP-000066,1,EU-APP-0050,Adult men woven jacket - Grey,3131,pcs,13.34,41767.54,62019300,BATCH-000066-1,2728.62,17.663
SHP-000067-L1,SHP-000067,1,EU-APP-0034,Adult women woven trousers - White,4291,pcs,16.83,72217.53,620462,BATCH-000067-1,2662.79,13.073
SHP-000068-L1,SHP-000068,1,EU-APP-0040,Adult unisex knitted hoodie - Olive,4322,pcs,27.94,120756.68,611020,BATCH-000068-1,3515.39,16.443
SHP-000068-L2,SHP-000068,2,EU-APP-0027,Adult men woven shirt - White,2067,pcs,27.51,56863.17,620520,BATCH-000068-2,710.02,4.715
SHP-000068-L3,SHP-000068,3,EU-APP-0069,Adult women knitted dress - Beige,1293,pcs,12.23,15813.39,610443,BATCH-000068-3,657.45,3.202
SHP-000069-L1,SHP-000069,1,EU-APP-0009,Adult women knitted dress - Grey,1993,pcs,16.68,33243.24,610443,BATCH-000069-1,1087.66,7.307
SHP-000070-L1,SHP-000070,1,EU-APP-0006,Adult women knitted dress - Black,1359,pcs,13.31,18088.29,610443,BATCH-000070-1,781.52,5.826
SHP-000070-L2,SHP-000070,2,EU-APP-0050,Adult men woven jacket - Grey,4320,pcs,27.38,118281.6,620193,BATCH-000070-2,3648.75,20.919
SHP-000071-L1,SHP-000071,1,EU-APP-0009,Adult women knitted dress - Grey,1666,pcs,27.88,46448.08,610443,BATCH-000071-1,921.07,4.825
SHP-000071-L2,SHP-000071,2,EU-APP-0019,Adult unisex knitted t-shirt - Olive,762,pcs,18.4,14020.8,610910,BATCH-000071-2,162.72,0.979
SHP-000072-L1,SHP-000072,1,EU-APP-0051,Adult unisex knitted t-shirt - Grey,658,pcs,6.29,4138.82,610910,BATCH-000072-1,153.71,0.755
SHP-000073-L1,SHP-000073,1,EU-APP-0040,Adult unisex knitted hoodie - Olive,3814,pcs,13.35,50916.9,611020,BATCH-000073-1,3045.75,17.644
SHP-000074-L1,SHP-000074,1,EU-APP-0022,Adult women woven blouse - Blue,2158,pcs,25.18,54338.44,62063000,BATCH-000074-1,672.28,4.305
SHP-000074-L2,SHP-000074,2,EU-APP-0005,Adult women woven trousers - Blue,3524,pcs,12.64,44543.36,620462,BATCH-000074-2,1843.23,11.939
SHP-000075-L1,SHP-000075,1,EU-APP-0003,Child unisex knitted sweatshirt - White,3970,pcs,15.88,63043.6,611020,BATCH-000075-1,1655.94,8.09
SHP-000076-L1,SHP-000076,1,EU-APP-0079,Adult women woven blouse - Grey,3479,pcs,11.62,40425.98,620630,BATCH-000076-1,996.41,7.917
SHP-000077-L1,SHP-000077,1,EU-APP-0031,Adult women knitted dress - Navy,1553,pcs,7.72,11989.16,610443,BATCH-000077-1,789.64,4.107
SHP-000078-L1,SHP-000078,1,EU-APP-0073,Child unisex knitted sweatshirt - Beige,3720,pcs,4.55,16926.0,611020,BATCH-000078-1,1618.68,9.735
SHP-000079-L1,SHP-000079,1,EU-APP-0012,Adult unisex knitted t-shirt - Black,1103,pcs,16.34,18023.02,610910,BATCH-000079-1,241.47,1.741
SHP-000079-L2,SHP-000079,2,EU-APP-0061,Adult unisex knitted hoodie - Black,4128,pcs,18.47,76244.16,611020,BATCH-000079-2,2883.24,17.457
SHP-000080-L1,SHP-000080,1,EU-APP-0035,Adult women woven blouse - Grey,2364,pcs,10.7,25294.8,620630,BATCH-000080-1,682.88,3.589
SHP-000081-L1,SHP-000081,1,EU-APP-0010,Child unisex knitted sweatshirt - Pink,2130,pcs,22.42,47754.6,611020,BATCH-000081-1,1067.27,8.069
SHP-000081-L2,SHP-000081,2,EU-APP-0048,Adult men woven jacket - Grey,4155,pcs,12.28,51023.4,620193,BATCH-000081-2,4107.67,23.267
SHP-000082-L1,SHP-000082,1,EU-APP-0035,Adult women woven blouse - Grey,3044,pcs,27.55,83862.2,620630,BATCH-000082-1,899.09,6.554
SHP-000083-L1,SHP-000083,1,EU-APP-0053,Adult unisex knitted hoodie - Grey,1979,pcs,9.13,18068.27,611020,BATCH-000083-1,1500.82,9.082
SHP-000084-L1,SHP-000084,1,EU-APP-0072,Adult men woven shirt - Red,2245,pcs,10.48,23527.6,620520,BATCH-000084-1,779.37,4.602
SHP-000085-L1,SHP-000085,1,EU-APP-0025,Adult men woven jacket - White,3604,pcs,20.15,72620.6,620193,BATCH-000085-1,3341.51,15.784
SHP-000086-L1,SHP-000086,1,EU-APP-0080,Adult women woven trousers - Navy,2583,pcs,13.37,34534.71,620462,BATCH-000086-1,1516.52,11.413
SHP-000087-L1,SHP-000087,1,EU-APP-0005,Adult women woven trousers - Blue,613,pcs,15.83,9703.79,620462,BATCH-000087-1,317.81,2.476
SHP-000088-L1,SHP-000088,1,EU-APP-0022,Adult women woven blouse - Blue,4473,pcs,8.79,39317.67,620630,BATCH-000088-1,1325.44,10.071
SHP-000089-L1,SHP-000089,1,EU-APP-0047,Adult women woven trousers - Black,1997,pcs,14.95,29855.15,620462,BATCH-000089-1,1058.53,6.168
SHP-000089-L2,SHP-000089,2,EU-APP-0046,Adult unisex knitted t-shirt - Black,4427,pcs,9.95,44048.65,61091000,BATCH-000089-2,1086.87,7.831
SHP-000090-L1,SHP-000090,1,EU-APP-0069,Adult women dress - Beige,3208,pcs,5.21,16713.68,610443,BATCH-000090-1,1635.03,7.447
SHP-000091-L1,SHP-000091,1,EU-APP-0018,Adult unisex knitted t-shirt - Pink,2529,pcs,15.57,39376.53,610910,BATCH-000091-1,557.88,3.183
SHP-000092-L1,SHP-000092,1,EU-APP-0049,Adult men woven shirt - Olive,3282,pcs,19.75,64819.5,620520,BATCH-000092-1,1172.53,7.696
SHP-000093-L1,SHP-000093,1,EU-APP-0072,Adult men woven shirt - Red,2678,pcs,22.67,60710.26,620520,BATCH-000093-1,907.23,5.622
SHP-000093-L2,SHP-000093,2,EU-APP-0030,Adult men woven shirt - Olive,1355,pcs,16.89,22885.95,620520,BATCH-000093-2,420.81,3.03
SHP-000094-L1,SHP-000094,1,EU-APP-0050,Adult men woven jacket - Grey,740,pcs,9.25,6845.0,620193,BATCH-000094-1,647.24,4.206
SHP-000095-L1,SHP-000095,1,EU-APP-0067,Adult women woven trousers - Pink,1445,pcs,8.93,12903.85,62046200,BATCH-000095-1,821.31,3.814
SHP-000096-L1,SHP-000096,1,EU-APP-0042,Adult women woven blouse - Beige,1063,pcs,18.69,19867.47,620630,BATCH-000096-1,284.07,1.51
SHP-000096-L2,SHP-000096,2,EU-APP-0072,Adult men woven shirt - Red,1723,pcs,27.65,47640.95,620520,BATCH-000096-2,589.81,2.869
SHP-000096-L3,SHP-000096,3,EU-APP-0064,Child unisex knitted sweatshirt - Olive,2305,pcs,19.97,46030.85,611020,BATCH-000096-3,1008.93,6.142
SHP-000097-L1,SHP-000097,1,EU-APP-0001,Adult women knitted dress - Black,1050,pcs,8.79,9229.5,610443,BATCH-000097-1,552.61,2.967
SHP-000097-L2,SHP-000097,2,EU-APP-0037,Adult men woven shirt - Blue,4068,pcs,5.83,23716.44,620520,BATCH-000097-2,1403.07,7.341
SHP-000098-L1,SHP-000098,1,EU-APP-0032,Adult women knitted dress - White,2662,pcs,27.52,73258.24,610443,BATCH-000098-1,1528.82,8.436
SHP-000099-L1,SHP-000099,1,EU-APP-0036,Adult women woven trousers - White,2032,pcs,14.4,29260.8,620462,BATCH-000099-1,1192.86,6.897
SHP-000100-L1,SHP-000100,1,EU-APP-0049,Adult men woven shirt - Olive,3759,pcs,22.39,84164.01,620520,BATCH-000100-1,1384.17,8.204
SHP-000101-L1,SHP-000101,1,EU-APP-0006,Adult women knitted dress - Black,4002,pcs,9.37,37498.74,61044300,BATCH-000101-1,2213.85,16.837
SHP-000102-L1,SHP-000102,1,EU-APP-0051,Adult unisex knitted t-shirt - Grey,4395,pcs,11.66,51245.7,610910,BATCH-000102-1,1026.04,5.459
SHP-000102-L2,SHP-000102,2,EU-APP-0042,Adult women woven blouse - Beige,472,pcs,21.98,10374.56,620630,BATCH-000102-2,127.38,0.842
SHP-000102-L3,SHP-000102,3,EU-APP-0016,Adult unisex knitted t-shirt - Olive,1541,pcs,12.53,19308.73,610910,BATCH-000102-3,323.99,1.822
SHP-000103-L1,SHP-000103,1,EU-APP-0044,Adult men woven jacket - Black,1452,pcs,25.57,37127.64,620193,BATCH-000103-1,1397.1,7.884
SHP-000104-L1,SHP-000104,1,EU-APP-0038,Adult unisex knitted hoodie - Beige,743,pcs,4.01,2979.43,611020,BATCH-000104-1,548.4,4.097
SHP-000105-L1,SHP-000105,1,EU-APP-0058,Adult women dress - Grey,2924,pcs,18.96,55439.04,610443,BATCH-000105-1,1525.81,8.997
SHP-000106-L1,SHP-000106,1,EU-APP-0074,Adult men woven shirt - Navy,1640,pcs,9.8,16072.0,620520,BATCH-000106-1,597.02,3.601
SHP-000106-L2,SHP-000106,2,EU-APP-0061,Adult unisex knitted hoodie - Black,2508,pcs,4.48,11235.84,61102000,BATCH-000106-2,1816.34,10.122
SHP-000107-L1,SHP-000107,1,EU-APP-0059,Adult women woven blouse - Red,4128,pcs,20.24,83550.72,620630,BATCH-000107-1,1084.63,5.579
SHP-000108-L1,SHP-000108,1,EU-APP-0032,Adult women knitted dress - White,1767,pcs,4.75,8393.25,610443,BATCH-000108-1,1046.08,4.824
SHP-000109-L1,SHP-000109,1,EU-APP-0049,Adult men woven shirt - Olive,3880,pcs,13.03,50556.4,620520,BATCH-000109-1,1430.1,8.314
SHP-000109-L2,SHP-000109,2,EU-APP-0021,Adult unisex knitted hoodie - Red,1649,pcs,5.04,8310.96,611020,BATCH-000109-2,1223.01,9.43
SHP-000110-L1,SHP-000110,1,EU-APP-0023,Adult unisex knitted t-shirt - Beige,3128,pcs,15.69,49078.32,610910,BATCH-000110-1,735.62,4.529
SHP-000111-L1,SHP-000111,1,EU-APP-0049,Adult men woven shirt - Olive,3159,pcs,23.2,73288.8,620520,BATCH-000111-1,1185.68,9.358
SHP-000112-L1,SHP-000112,1,EU-APP-0074,Adult men woven shirt - Navy,1258,pcs,7.23,9095.34,620520,BATCH-000112-1,461.15,2.533
SHP-000113-L1,SHP-000113,1,EU-APP-0079,Adult women woven blouse - Grey,2877,pcs,11.73,33747.21,620630,BATCH-000113-1,860.84,5.901
SHP-000114-L1,SHP-000114,1,EU-APP-0024,Adult unisex knitted t-shirt - Navy,405,pcs,20.75,8403.75,610910,BATCH-000114-1,103.03,0.511
SHP-000115-L1,SHP-000115,1,EU-APP-0061,Adult unisex knitted hoodie - Black,2449,pcs,15.46,37861.54,611020,BATCH-000115-1,1773.26,10.738
SHP-000116-L1,SHP-000116,1,EU-APP-0061,Adult unisex knitted hoodie - Black,3016,pcs,6.51,19634.16,611020,BATCH-000116-1,2100.19,10.166
SHP-000117-L1,SHP-000117,1,EU-APP-0004,Adult women woven blouse - Black,2933,pcs,14.9,43701.7,620630,BATCH-000117-1,826.49,4.651
SHP-000117-L2,SHP-000117,2,EU-APP-0035,Adult women woven blouse - Grey,769,pcs,14.61,11235.09,620630,BATCH-000117-2,223.81,1.316
SHP-000118-L1,SHP-000118,1,EU-APP-0034,Adult women woven trousers - White,610,pcs,9.69,5910.9,620462,BATCH-000118-1,384.69,2.582
SHP-000118-L2,SHP-000118,2,EU-APP-0024,Adult unisex knitted t-shirt - Navy,1921,pcs,25.93,49811.53,610910,BATCH-000118-2,489.1,3.275
SHP-000119-L1,SHP-000119,1,EU-APP-0013,Adult women knitted dress - Beige,3550,pcs,8.93,31701.5,610443,BATCH-000119-1,1955.11,11.444
SHP-000120-L1,SHP-000120,1,EU-APP-0027,Adult men woven shirt - White,1204,pcs,7.69,9258.76,620520,BATCH-000120-1,400.65,1.917
SHP-000120-L2,SHP-000120,2,EU-APP-0010,Child unisex knitted sweatshirt - Pink,4026,pcs,14.14,56927.64,611020,BATCH-000120-2,1965.29,10.796
SHP-000121-L1,SHP-000121,1,EU-APP-0006,Adult women knitted dress - Black,4198,pcs,13.18,55329.64,610443,BATCH-000121-1,2396.0,14.632
SHP-000122-L1,SHP-000122,1,EU-APP-0074,Adult men woven shirt - Navy,541,pcs,26.83,14515.03,620520,BATCH-000122-1,193.39,1.184
SHP-000123-L1,SHP-000123,1,EU-APP-0063,Adult men woven jacket - Red,1484,pcs,13.07,19395.88,620193,BATCH-000123-1,1432.16,7.086
SHP-000124-L1,SHP-000124,1,EU-APP-0018,Adult unisex knitted t-shirt - Pink,3615,pcs,13.01,47031.15,610910,BATCH-000124-1,825.84,4.342
SHP-000125-L1,SHP-000125,1,EU-APP-0039,Adult women woven trousers - Navy,2759,pcs,25.96,71623.64,620462,BATCH-000125-1,1603.27,9.361
SHP-000126-L1,SHP-000126,1,EU-APP-0063,Adult men woven jacket - Red,3257,pcs,22.55,73445.35,620193,BATCH-000126-1,3179.77,18.051
SHP-000126-L2,SHP-000126,2,EU-APP-0037,Adult men woven shirt - Blue,857,pcs,19.83,16994.31,620520,BATCH-000126-2,296.34,2.057
SHP-000127-L1,SHP-000127,1,EU-APP-0010,Child unisex knitted sweatshirt - Pink,2092,pcs,18.79,39308.68,611020,BATCH-000127-1,1033.21,5.445
SHP-000127-L2,SHP-000127,2,EU-APP-0013,Adult women dress - Beige,1764,pcs,15.46,27271.44,61044300,BATCH-000127-2,928.79,7.19
SHP-000128-L1,SHP-000128,1,EU-APP-0031,Adult women knitted dress - Navy,1080,pcs,26.61,28738.8,610443,BATCH-000128-1,532.79,3.375
SHP-000129-L1,SHP-000129,1,EU-APP-0052,Adult unisex knitted t-shirt - Black,4193,pcs,22.7,95181.1,610910,BATCH-000129-1,895.34,6.085
SHP-000130-L1,SHP-000130,1,EU-APP-0013,Adult women dress - Beige,1467,pcs,23.68,34738.56,610443,BATCH-000130-1,781.17,3.89
SHP-000130-L2,SHP-000130,2,EU-APP-0058,Adult women knitted dress - Grey,2255,pcs,20.1,45325.5,610443,BATCH-000130-2,1185.24,7.804
SHP-000131-L1,SHP-000131,1,EU-APP-0017,Adult men woven jacket - Black,2963,pcs,17.2,50963.6,62019300,BATCH-000131-1,2736.03,14.178
SHP-000132-L1,SHP-000132,1,EU-APP-0066,Adult men woven jacket - Black,4209,pcs,17.73,74625.57,620193,BATCH-000132-1,3705.09,23.645
SHP-000132-L2,SHP-000132,2,EU-APP-0030,Adult men woven shirt - Olive,2581,pcs,7.94,20493.14,62052000,BATCH-000132-2,781.93,3.721
SHP-000133-L1,SHP-000133,1,EU-APP-0039,Adult women woven trousers - Navy,1475,pcs,7.72,11387.0,620462,BATCH-000133-1,844.33,6.46
SHP-000133-L2,SHP-000133,2,EU-APP-0051,Adult unisex knitted t-shirt - Grey,1137,pcs,18.31,20818.47,610910,BATCH-000133-2,258.72,1.448
SHP-000134-L1,SHP-000134,1,EU-APP-0044,Adult men woven jacket - Black,2113,pcs,10.1,21341.3,62019300,BATCH-000134-1,2124.61,11.76
SHP-000135-L1,SHP-000135,1,EU-APP-0055,Child unisex knitted sweatshirt - Navy,2573,pcs,19.36,49813.28,611020,BATCH-000135-1,1290.64,7.275
SHP-000136-L1,SHP-000136,1,EU-APP-0031,Adult women knitted dress - Navy,3174,pcs,8.82,27994.68,610443,BATCH-000136-1,1564.49,11.897
SHP-000137-L1,SHP-000137,1,EU-APP-0037,Adult men woven shirt - Blue,2356,pcs,23.4,55130.4,620520,BATCH-000137-1,802.0,5.323
SHP-000137-L2,SHP-000137,2,EU-APP-0050,Adult men woven jacket - Grey,1340,pcs,4.95,6633.0,62019300,BATCH-000137-2,1141.12,6.524
SHP-000138-L1,SHP-000138,1,EU-APP-0029,Adult unisex t-shirt - Pink,1730,pcs,6.11,10570.3,610910,BATCH-000138-1,389.67,1.849
SHP-000139-L1,SHP-000139,1,EU-APP-0027,Adult men woven shirt - White,4405,pcs,22.55,99332.75,620520,BATCH-000139-1,1474.91,10.562
SHP-000139-L2,SHP-000139,2,EU-APP-0013,Adult women knitted dress - Beige,1003,pcs,5.99,6007.97,610443,BATCH-000139-2,535.3,2.901
SHP-000140-L1,SHP-000140,1,EU-APP-0033,Adult unisex hoodie - Beige,3021,pcs,14.26,43079.46,611020,BATCH-000140-1,2213.78,12.459
SHP-000141-L1,SHP-000141,1,EU-APP-0003,Child unisex knitted sweatshirt - White,1638,pcs,27.84,45601.92,611020,BATCH-000141-1,715.3,3.383
SHP-000142-L1,SHP-000142,1,EU-APP-0065,Adult women woven trousers - White,1378,pcs,24.91,34325.98,62046200,BATCH-000142-1,826.54,4.174
SHP-000142-L2,SHP-000142,2,EU-APP-0033,Adult unisex knitted hoodie - Beige,1194,pcs,4.4,5253.6,611020,BATCH-000142-2,870.11,4.608
SHP-000143-L1,SHP-000143,1,EU-APP-0009,Adult women knitted dress - Grey,639,pcs,15.09,9642.51,610443,BATCH-000143-1,343.85,1.775
SHP-000143-L2,SHP-000143,2,EU-APP-0053,Adult unisex knitted hoodie - Grey,4322,pcs,4.51,19492.22,611020,BATCH-000143-2,3312.97,20.475
SHP-000144-L1,SHP-000144,1,EU-APP-0004,Adult women woven blouse - Black,1055,pcs,18.36,19369.8,620630,BATCH-000144-1,290.97,2.039
SHP-000145-L1,SHP-000145,1,EU-APP-0033,Adult unisex knitted hoodie - Beige,2634,pcs,21.51,56657.34,611020,BATCH-000145-1,1935.72,10.235
SHP-000146-L1,SHP-000146,1,EU-APP-0076,Adult unisex knitted t-shirt - Blue,2698,pcs,13.07,35262.86,610910,BATCH-000146-1,614.82,4.21
SHP-000147-L1,SHP-000147,1,EU-APP-0053,Adult unisex knitted hoodie - Grey,2287,pcs,6.02,13767.74,611020,BATCH-000147-1,1799.78,12.279
SHP-000147-L2,SHP-000147,2,EU-APP-0050,Adult men woven jacket - Grey,3313,pcs,23.68,78451.84,620193,BATCH-000147-2,2869.12,20.119
SHP-000147-L3,SHP-000147,3,EU-APP-0034,Adult women woven trousers - White,754,pcs,6.47,4878.38,620462,BATCH-000147-3,476.07,2.23
SHP-000148-L1,SHP-000148,1,EU-APP-0051,Adult unisex knitted t-shirt - Grey,2573,pcs,23.91,61520.43,610910,BATCH-000148-1,588.14,3.985
SHP-000149-L1,SHP-000149,1,EU-APP-0073,Child unisex knitted sweatshirt - Beige,2520,pcs,7.85,19782.0,61102000,BATCH-000149-1,1080.39,5.201
SHP-000149-L2,SHP-000149,2,EU-APP-0064,Child unisex knitted sweatshirt - Olive,3229,pcs,18.5,59736.5,611020,BATCH-000149-2,1364.17,9.652
SHP-000150-L1,SHP-000150,1,EU-APP-0034,Adult women woven trousers - White,3571,pcs,6.63,23675.73,620462,BATCH-000150-1,2250.87,11.078
SHP-000151-L1,SHP-000151,1,EU-APP-0043,Child unisex knitted sweatshirt - Grey,790,pcs,7.3,5767.0,611020,BATCH-000151-1,363.11,2.185
SHP-000152-L1,SHP-000152,1,EU-APP-0046,Adult unisex knitted t-shirt - Black,2970,pcs,15.99,47490.3,610910,BATCH-000152-1,729.27,3.73
SHP-000153-L1,SHP-000153,1,EU-APP-0018,Adult unisex knitted t-shirt - Pink,2014,pcs,20.76,41810.64,610910,BATCH-000153-1,447.07,3.605
SHP-000154-L1,SHP-000154,1,EU-APP-0053,Adult unisex knitted hoodie - Grey,1270,pcs,10.28,13055.6,611020,BATCH-000154-1,988.09,4.598
SHP-000155-L1,SHP-000155,1,EU-APP-0013,Adult women knitted dress - Beige,2908,pcs,20.65,60050.2,610443,BATCH-000155-1,1592.71,7.833
SHP-000156-L1,SHP-000156,1,EU-APP-0013,Adult women knitted dress - Beige,4007,pcs,13.56,54334.92,610443,BATCH-000156-1,2192.84,13.26
SHP-000157-L1,SHP-000157,1,EU-APP-0071,Adult women woven blouse - White,1531,pcs,25.95,39729.45,620630,BATCH-000157-1,496.05,3.082
SHP-000158-L1,SHP-000158,1,EU-APP-0077,Adult unisex t-shirt - Pink,2409,pcs,19.22,46300.98,610910,BATCH-000158-1,550.78,4.367
SHP-000159-L1,SHP-000159,1,EU-APP-0026,Adult women woven blouse - Beige,3513,pcs,13.75,48303.75,620630,BATCH-000159-1,974.49,4.919
SHP-000159-L2,SHP-000159,2,EU-APP-0060,Adult men woven shirt - Red,1597,pcs,18.68,29831.96,620520,BATCH-000159-2,515.77,3.513
SHP-000160-L1,SHP-000160,1,EU-APP-0076,Adult unisex knitted t-shirt - Blue,3787,pcs,4.0,15148.0,610910,BATCH-000160-1,901.03,6.619
SHP-000161-L1,SHP-000161,1,EU-APP-0017,Adult men woven jacket - Black,2581,pcs,27.78,71700.18,620193,BATCH-000161-1,2430.03,12.015
SHP-000162-L1,SHP-000162,1,EU-APP-0034,Adult women woven trousers - White,3602,pcs,24.51,88285.02,620462,BATCH-000162-1,2260.61,14.978
SHP-000162-L2,SHP-000162,2,EU-APP-0056,Adult unisex knitted t-shirt - Blue,4471,pcs,7.22,32280.62,610910,BATCH-000162-2,1010.26,8.114
SHP-000163-L1,SHP-000163,1,EU-APP-0024,Adult unisex knitted t-shirt - Navy,3852,pcs,12.68,48843.36,610910,BATCH-000163-1,965.58,7.837
SHP-000163-L2,SHP-000163,2,EU-APP-0041,Adult unisex knitted t-shirt - Olive,4171,pcs,10.23,42669.33,610910,BATCH-000163-2,963.63,5.123
SHP-000164-L1,SHP-000164,1,EU-APP-0074,Adult men woven shirt - Navy,2933,pcs,22.3,65405.9,620520,BATCH-000164-1,1031.34,5.859
SHP-000165-L1,SHP-000165,1,EU-APP-0024,Adult unisex knitted t-shirt - Navy,898,pcs,5.64,5064.72,610910,BATCH-000165-1,228.35,1.65
SHP-000166-L1,SHP-000166,1,EU-APP-0007,Child unisex knitted sweatshirt - White,2424,pcs,21.87,53012.88,611020,BATCH-000166-1,1094.94,8.23
SHP-000167-L1,SHP-000167,1,EU-APP-0056,Adult unisex knitted t-shirt - Blue,2235,pcs,7.8,17433.0,610910,BATCH-000167-1,499.64,3.705
SHP-000167-L2,SHP-000167,2,EU-APP-0018,Adult unisex knitted t-shirt - Pink,2870,pcs,19.41,55706.7,610910,BATCH-000167-2,655.24,4.888
SHP-000167-L3,SHP-000167,3,EU-APP-0027,Adult men woven shirt - White,3959,pcs,13.51,53486.09,620520,BATCH-000167-3,1366.95,9.647
SHP-000168-L1,SHP-000168,1,EU-APP-0042,Adult women woven blouse - Beige,1552,pcs,8.79,13642.08,620630,BATCH-000168-1,426.06,2.186
SHP-000168-L2,SHP-000168,2,EU-APP-0064,Child unisex knitted sweatshirt - Olive,4463,pcs,15.45,68953.35,611020,BATCH-000168-2,1898.25,9.63
SHP-000169-L1,SHP-000169,1,EU-APP-0013,Adult women knitted dress - Beige,1798,pcs,23.75,42702.5,610443,BATCH-000169-1,978.0,6.789
SHP-000170-L1,SHP-000170,1,EU-APP-0079,Adult women woven blouse - Grey,436,pcs,9.86,4298.96,62063000,BATCH-000170-1,128.82,0.599
SHP-000171-L1,SHP-000171,1,EU-APP-0064,Child unisex knitted sweatshirt - Olive,3232,pcs,12.77,41272.64,611020,BATCH-000171-1,1440.54,7.957
SHP-000171-L2,SHP-000171,2,EU-APP-0003,Child unisex knitted sweatshirt - White,3967,pcs,14.74,58473.58,611020,BATCH-000171-2,1666.96,13.121
SHP-000172-L1,SHP-000172,1,EU-APP-0074,Adult men woven shirt - Navy,3368,pcs,12.27,41325.36,62052000,BATCH-000172-1,1186.47,8.696
SHP-000173-L1,SHP-000173,1,EU-APP-0044,Adult men woven jacket - Black,581,pcs,16.18,9400.58,620193,BATCH-000173-1,565.78,3.011
SHP-000174-L1,SHP-000174,1,EU-APP-0067,Adult women woven trousers - Pink,4208,pcs,21.43,90177.44,620462,BATCH-000174-1,2379.07,11.226
SHP-000174-L2,SHP-000174,2,EU-APP-0004,Adult women woven blouse - Black,2130,pcs,22.81,48585.3,620630,BATCH-000174-2,598.94,3.341
SHP-000175-L1,SHP-000175,1,EU-APP-0039,Adult women woven trousers - Navy,3251,pcs,12.22,39727.22,620462,BATCH-000175-1,1920.6,10.569
SHP-000175-L2,SHP-000175,2,EU-APP-0045,Adult women woven blouse - Navy,3977,pcs,27.94,111117.38,620630,BATCH-000175-2,1132.53,6.037
SHP-000176-L1,SHP-000176,1,EU-APP-0075,Adult women woven blouse - Pink,914,pcs,4.78,4368.92,620630,BATCH-000176-1,284.5,2.122
SHP-000177-L1,SHP-000177,1,EU-APP-0001,Adult women knitted dress - Black,1503,pcs,17.13,25746.39,610443,BATCH-000177-1,789.66,4.607
SHP-000178-L1,SHP-000178,1,EU-APP-0061,Adult unisex knitted hoodie - Black,847,pcs,26.55,22487.85,611020,BATCH-000178-1,594.84,2.852
SHP-000179-L1,SHP-000179,1,EU-APP-0013,Adult women knitted dress - Beige,4388,pcs,25.79,113166.52,610443,BATCH-000179-1,2406.39,17.828
SHP-000180-L1,SHP-000180,1,EU-APP-0009,Adult women knitted dress - Grey,2778,pcs,17.44,48448.32,610443,BATCH-000180-1,1565.62,9.157
SHP-000180-L2,SHP-000180,2,EU-APP-0032,Adult women knitted dress - White,1175,pcs,17.48,20539.0,610443,BATCH-000180-2,662.26,5.162
SHP-000181-L1,SHP-000181,1,EU-APP-0055,Child unisex knitted sweatshirt - Navy,905,pcs,12.04,10896.2,61102000,BATCH-000181-1,450.2,2.078
SHP-000182-L1,SHP-000182,1,EU-APP-0016,Adult unisex knitted t-shirt - Olive,862,pcs,15.86,13671.32,610910,BATCH-000182-1,179.9,0.936
SHP-000183-L1,SHP-000183,1,EU-APP-0056,Adult unisex knitted t-shirt - Blue,3076,pcs,17.88,54998.88,610910,BATCH-000183-1,672.61,4.405
SHP-000184-L1,SHP-000184,1,EU-APP-0051,Adult unisex knitted t-shirt - Grey,2895,pcs,8.25,23883.75,610910,BATCH-000184-1,654.6,3.64
SHP-000185-L1,SHP-000185,1,EU-APP-0069,Adult women dress - Beige,4330,pcs,20.23,87595.9,610443,BATCH-000185-1,2165.11,15.507
SHP-000185-L2,SHP-000185,2,EU-APP-0071,Adult women woven blouse - White,1446,pcs,20.19,29194.74,620630,BATCH-000185-2,460.78,2.605
SHP-000186-L1,SHP-000186,1,EU-APP-0074,Adult men woven shirt - Navy,2945,pcs,21.61,63641.45,620520,BATCH-000186-1,1076.68,5.128
SHP-000186-L2,SHP-000186,2,EU-APP-0015,Adult women knitted dress - Beige,2790,pcs,7.82,21817.8,610443,BATCH-000186-2,1547.29,9.317
SHP-000187-L1,SHP-000187,1,EU-APP-0032,Adult women knitted dress - White,3689,pcs,18.8,69353.2,610443,BATCH-000187-1,2104.11,13.744
SHP-000188-L1,SHP-000188,1,EU-APP-0006,Adult women knitted dress - Black,1015,pcs,26.63,27029.45,610443,BATCH-000188-1,573.72,3.457
SHP-000188-L2,SHP-000188,2,EU-APP-0055,Child unisex knitted sweatshirt - Navy,1673,pcs,21.15,35383.95,611020,BATCH-000188-2,852.38,5.099
SHP-000188-L3,SHP-000188,3,EU-APP-0062,Adult unisex knitted t-shirt - Blue,1679,pcs,24.11,40480.69,610910,BATCH-000188-3,381.62,1.754
SHP-000189-L1,SHP-000189,1,EU-APP-0053,Adult unisex knitted hoodie - Grey,2615,pcs,17.86,46703.9,611020,BATCH-000189-1,1991.8,12.117
SHP-000190-L1,SHP-000190,1,EU-APP-0048,Adult men woven jacket - Grey,4006,pcs,16.14,64656.84,620193,BATCH-000190-1,3800.88,24.863
SHP-000191-L1,SHP-000191,1,EU-APP-0001,Adult women knitted dress - Black,2468,pcs,16.93,41783.24,610443,BATCH-000191-1,1335.22,8.554
SHP-000192-L1,SHP-000192,1,EU-APP-0051,Adult unisex t-shirt - Grey,3937,pcs,11.15,43897.55,610910,BATCH-000192-1,927.45,4.576
SHP-000192-L2,SHP-000192,2,EU-APP-0015,Adult women knitted dress - Beige,2766,pcs,13.25,36649.5,61044300,BATCH-000192-2,1549.09,8.145
SHP-000193-L1,SHP-000193,1,EU-APP-0021,Adult unisex knitted hoodie - Red,441,pcs,24.23,10685.43,611020,BATCH-000193-1,320.55,1.529
SHP-000193-L2,SHP-000193,2,EU-APP-0013,Adult women knitted dress - Beige,4367,pcs,15.81,69042.27,610443,BATCH-000193-2,2322.96,12.726
SHP-000194-L1,SHP-000194,1,EU-APP-0006,Adult women dress - Black,2300,pcs,24.01,55223.0,610443,BATCH-000194-1,1299.99,8.265
SHP-000194-L2,SHP-000194,2,EU-APP-0043,Child unisex knitted sweatshirt - Grey,3671,pcs,9.33,34250.43,611020,BATCH-000194-2,1706.0,10.347
SHP-000195-L1,SHP-000195,1,EU-APP-0041,Adult unisex t-shirt - Olive,4379,pcs,24.59,107679.61,610910,BATCH-000195-1,1051.98,8.206
SHP-000195-L2,SHP-000195,2,EU-APP-0074,Adult men woven shirt - Navy,3490,pcs,9.96,34760.4,620520,BATCH-000195-2,1222.01,6.356
SHP-000196-L1,SHP-000196,1,EU-APP-0062,Adult unisex knitted t-shirt - Blue,2899,pcs,11.57,33541.43,610910,BATCH-000196-1,653.48,3.77
SHP-000196-L2,SHP-000196,2,EU-APP-0055,Child unisex sweatshirt - Navy,2279,pcs,22.17,50525.43,611020,BATCH-000196-2,1149.06,8.355
SHP-000197-L1,SHP-000197,1,EU-APP-0068,Adult women knitted dress - Pink,994,pcs,4.84,4810.96,610443,BATCH-000197-1,512.47,3.416
SHP-000197-L2,SHP-000197,2,EU-APP-0033,Adult unisex knitted hoodie - Beige,3662,pcs,12.85,47056.7,61102000,BATCH-000197-2,2601.64,13.052
SHP-000198-L1,SHP-000198,1,EU-APP-0073,Child unisex sweatshirt - Beige,3194,pcs,11.12,35517.28,611020,BATCH-000198-1,1399.87,9.132
SHP-000199-L1,SHP-000199,1,EU-APP-0071,Adult women woven blouse - White,472,pcs,7.61,3591.92,62063000,BATCH-000199-1,149.77,0.739
SHP-000200-L1,SHP-000200,1,EU-APP-0058,Adult women knitted dress - Grey,1598,pcs,6.17,9859.66,610443,BATCH-000200-1,802.41,5.932
SHP-000201-L1,SHP-000201,1,EU-APP-0030,Adult men woven shirt - Olive,1540,pcs,21.85,33649.0,620520,BATCH-000201-1,470.94,2.489
SHP-000202-L1,SHP-000202,1,EU-APP-0011,Adult men woven jacket - Olive,1916,pcs,20.62,39507.92,620193,BATCH-000202-1,1854.33,9.612
SHP-000203-L1,SHP-000203,1,EU-APP-0036,Adult women woven trousers - White,1823,pcs,7.27,13253.21,62046200,BATCH-000203-1,1079.94,8.271
SHP-000204-L1,SHP-000204,1,EU-APP-0057,Adult unisex hoodie - Pink,2652,pcs,4.69,12437.88,61102000,BATCH-000204-1,2217.33,17.579
SHP-000205-L1,SHP-000205,1,EU-APP-0049,Adult men woven shirt - Olive,3594,pcs,10.6,38096.4,620520,BATCH-000205-1,1297.05,6.776
SHP-000205-L2,SHP-000205,2,EU-APP-0055,Child unisex knitted sweatshirt - Navy,661,pcs,23.29,15394.69,611020,BATCH-000205-2,332.24,2.003
SHP-000206-L1,SHP-000206,1,EU-APP-0060,Adult men woven shirt - Red,1924,pcs,24.03,46233.72,620520,BATCH-000206-1,619.43,3.262
SHP-000207-L1,SHP-000207,1,EU-APP-0047,Adult women woven trousers - Black,1160,pcs,5.98,6936.8,620462,BATCH-000207-1,627.62,2.915
SHP-000208-L1,SHP-000208,1,EU-APP-0021,Adult unisex knitted hoodie - Red,739,pcs,6.31,4663.09,611020,BATCH-000208-1,553.43,2.726
SHP-000209-L1,SHP-000209,1,EU-APP-0069,Adult women knitted dress - Beige,4452,pcs,20.99,93447.48,610443,BATCH-000209-1,2228.73,12.831
SHP-000209-L2,SHP-000209,2,EU-APP-0012,Adult unisex knitted t-shirt - Black,3345,pcs,16.0,53520.0,610910,BATCH-000209-2,753.62,3.455
SHP-000210-L1,SHP-000210,1,EU-APP-0066,Adult men woven jacket - Black,3159,pcs,18.62,58820.58,620193,BATCH-000210-1,2851.4,21.21
SHP-000211-L1,SHP-000211,1,EU-APP-0012,Adult unisex knitted t-shirt - Black,1394,pcs,20.84,29050.96,61091000,BATCH-000211-1,305.23,2.138
SHP-000212-L1,SHP-000212,1,EU-APP-0073,Child unisex sweatshirt - Beige,859,pcs,9.93,8529.87,611020,BATCH-000212-1,378.73,2.099
SHP-000212-L2,SHP-000212,2,EU-APP-0042,Adult women woven blouse - Beige,1527,pcs,24.0,36648.0,620630,BATCH-000212-2,412.65,2.341
SHP-000212-L3,SHP-000212,3,EU-APP-0070,Child unisex knitted sweatshirt - Blue,3434,pcs,7.35,25239.9,611020,BATCH-000212-3,1507.47,9.798
SHP-000213-L1,SHP-000213,1,EU-APP-0058,Adult women knitted dress - Grey,1367,pcs,4.18,5714.06,610443,BATCH-000213-1,698.25,4.257
SHP-000213-L2,SHP-000213,2,EU-APP-0047,Adult women woven trousers - Black,2092,pcs,6.96,14560.32,620462,BATCH-000213-2,1148.27,6.709
SHP-000213-L3,SHP-000213,3,EU-APP-0034,Adult women woven trousers - White,4337,pcs,24.37,105692.69,620462,BATCH-000213-3,2693.96,18.306
SHP-000214-L1,SHP-000214,1,EU-APP-0037,Adult men woven shirt - Blue,4396,pcs,17.18,75523.28,620520,BATCH-000214-1,1523.08,7.194
SHP-000215-L1,SHP-000215,1,EU-APP-0005,Adult women woven trousers - Blue,871,pcs,26.43,23020.53,620462,BATCH-000215-1,466.95,2.906
SHP-000216-L1,SHP-000216,1,EU-APP-0069,Adult women knitted dress - Beige,3075,pcs,11.88,36531.0,61044300,BATCH-000216-1,1483.66,10.617
SHP-000217-L1,SHP-000217,1,EU-APP-0006,Adult women knitted dress - Black,2987,pcs,7.27,21715.49,610443,BATCH-000217-1,1649.06,12.392
SHP-000217-L2,SHP-000217,2,EU-APP-0005,Adult women woven trousers - Blue,3926,pcs,16.21,63640.46,620462,BATCH-000217-2,1998.06,10.001
SHP-000218-L1,SHP-000218,1,EU-APP-0032,Adult women knitted dress - White,2062,pcs,23.15,47735.3,610443,BATCH-000218-1,1217.54,7.563
SHP-000219-L1,SHP-000219,1,EU-APP-0016,Adult unisex knitted t-shirt - Olive,3723,pcs,7.58,28220.34,610910,BATCH-000219-1,778.48,4.364
SHP-000219-L2,SHP-000219,2,EU-APP-0061,Adult unisex knitted hoodie - Black,2062,pcs,17.21,35487.02,611020,BATCH-000219-2,1500.3,8.154
SHP-000220-L1,SHP-000220,1,EU-APP-0041,Adult unisex knitted t-shirt - Olive,2440,pcs,23.73,57901.2,610910,BATCH-000220-1,577.67,2.951
SHP-000221-L1,SHP-000221,1,EU-APP-0051,Adult unisex knitted t-shirt - Grey,986,pcs,12.08,11910.88,610910,BATCH-000221-1,221.82,1.015
SHP-000221-L2,SHP-000221,2,EU-APP-0027,Adult men woven shirt - White,2036,pcs,27.79,56580.44,620520,BATCH-000221-2,684.6,3.341
SHP-000222-L1,SHP-000222,1,EU-APP-0046,Adult unisex knitted t-shirt - Black,1929,pcs,17.91,34548.39,610910,BATCH-000222-1,467.5,3.742
SHP-000223-L1,SHP-000223,1,EU-APP-0017,Adult men woven jacket - Black,4394,pcs,25.48,111959.12,620193,BATCH-000223-1,4151.8,30.09
SHP-000223-L2,SHP-000223,2,EU-APP-0035,Adult women woven blouse - Grey,2558,pcs,11.68,29877.44,620630,BATCH-000223-2,743.74,3.911
SHP-000224-L1,SHP-000224,1,EU-APP-0008,Adult unisex knitted hoodie - Black,4188,pcs,16.58,69437.04,611020,BATCH-000224-1,2993.14,17.919
SHP-000224-L2,SHP-000224,2,EU-APP-0064,Child unisex sweatshirt - Olive,1673,pcs,15.39,25747.47,61102000,BATCH-000224-2,721.1,3.313
SHP-000225-L1,SHP-000225,1,EU-APP-0003,Child unisex sweatshirt - White,2887,pcs,18.37,53034.19,611020,BATCH-000225-1,1246.96,5.86
SHP-000226-L1,SHP-000226,1,EU-APP-0017,Adult men woven jacket - Black,3356,pcs,26.14,87725.84,620193,BATCH-000226-1,3037.82,17.956
SHP-000227-L1,SHP-000227,1,EU-APP-0007,Child unisex sweatshirt - White,4137,pcs,14.59,60358.83,611020,BATCH-000227-1,1861.21,11.158
SHP-000227-L2,SHP-000227,2,EU-APP-0026,Adult women woven blouse - Beige,3798,pcs,10.58,40182.84,62063000,BATCH-000227-2,1095.15,5.13
SHP-000228-L1,SHP-000228,1,EU-APP-0040,Adult unisex knitted hoodie - Olive,4478,pcs,8.98,40212.44,611020,BATCH-000228-1,3619.33,27.775
SHP-000229-L1,SHP-000229,1,EU-APP-0067,Adult women woven trousers - Pink,1413,pcs,27.84,39337.92,62046200,BATCH-000229-1,815.58,4.862
SHP-000230-L1,SHP-000230,1,EU-APP-0014,Adult men woven shirt - Red,3194,pcs,20.82,66499.08,620520,BATCH-000230-1,1027.49,5.132
SHP-000231-L1,SHP-000231,1,EU-APP-0027,Adult men woven shirt - White,3030,pcs,6.26,18967.8,620520,BATCH-000231-1,1012.3,7.713
SHP-000231-L2,SHP-000231,2,EU-APP-0078,Adult women woven blouse - Olive,4456,pcs,22.69,101106.64,620630,BATCH-000231-2,1293.29,6.445
SHP-000231-L3,SHP-000231,3,EU-APP-0026,Adult women woven blouse - Beige,3294,pcs,18.79,61894.26,620630,BATCH-000231-3,948.84,6.175
SHP-000232-L1,SHP-000232,1,EU-APP-0053,Adult unisex knitted hoodie - Grey,2156,pcs,19.74,42559.44,611020,BATCH-000232-1,1630.27,8.411
SHP-000233-L1,SHP-000233,1,EU-APP-0063,Adult men woven jacket - Red,4032,pcs,25.59,103178.88,620193,BATCH-000233-1,3818.96,29.59
SHP-000233-L2,SHP-000233,2,EU-APP-0065,Adult women woven trousers - White,3584,pcs,20.23,72504.32,620462,BATCH-000233-2,2117.22,10.717
SHP-000234-L1,SHP-000234,1,EU-APP-0033,Adult unisex knitted hoodie - Beige,792,pcs,26.35,20869.2,611020,BATCH-000234-1,576.51,3.095
SHP-000235-L1,SHP-000235,1,EU-APP-0009,Adult women knitted dress - Grey,2818,pcs,20.71,58360.78,610443,BATCH-000235-1,1533.09,7.519
SHP-000236-L1,SHP-000236,1,EU-APP-0039,Adult women woven trousers - Navy,3605,pcs,16.2,58401.0,620462,BATCH-000236-1,2092.92,11.728
SHP-000237-L1,SHP-000237,1,EU-APP-0028,Adult men woven shirt - Grey,3331,pcs,16.24,54095.44,620520,BATCH-000237-1,1150.33,7.27
SHP-000238-L1,SHP-000238,1,EU-APP-0027,Adult men woven shirt - White,4018,pcs,4.58,18402.44,620520,BATCH-000238-1,1366.61,11.08
SHP-000238-L2,SHP-000238,2,EU-APP-0059,Adult women woven blouse - Red,980,pcs,20.91,20491.8,620630,BATCH-000238-2,264.06,1.785
SHP-000239-L1,SHP-000239,1,EU-APP-0070,Child unisex knitted sweatshirt - Blue,2545,pcs,6.38,16237.1,611020,BATCH-000239-1,1123.24,8.855
SHP-000240-L1,SHP-000240,1,EU-APP-0059,Adult women woven blouse - Red,3625,pcs,24.96,90480.0,620630,BATCH-000240-1,991.32,5.841
SHP-000241-L1,SHP-000241,1,EU-APP-0038,Adult unisex knitted hoodie - Beige,4334,pcs,9.87,42776.58,611020,BATCH-000241-1,3079.92,20.286
SHP-000242-L1,SHP-000242,1,EU-APP-0039,Adult women woven trousers - Navy,992,pcs,25.6,25395.2,620462,BATCH-000242-1,590.81,3.963
SHP-000243-L1,SHP-000243,1,EU-APP-0017,Adult men woven jacket - Black,3716,pcs,24.34,90447.44,620193,BATCH-000243-1,3359.5,15.494
SHP-000244-L1,SHP-000244,1,EU-APP-0001,Adult women knitted dress - Black,2464,pcs,19.9,49033.6,610443,BATCH-000244-1,1294.81,6.557
SHP-000244-L2,SHP-000244,2,EU-APP-0062,Adult unisex knitted t-shirt - Blue,1908,pcs,21.71,41422.68,610910,BATCH-000244-2,444.29,2.163
SHP-000245-L1,SHP-000245,1,EU-APP-0073,Child unisex knitted sweatshirt - Beige,1677,pcs,18.76,31460.52,611020,BATCH-000245-1,713.84,3.338
SHP-000245-L2,SHP-000245,2,EU-APP-0014,Adult men woven shirt - Red,3835,pcs,20.83,79883.05,620520,BATCH-000245-2,1219.05,6.857
SHP-000246-L1,SHP-000246,1,EU-APP-0072,Adult men woven shirt - Red,3163,pcs,6.81,21540.03,620520,BATCH-000246-1,1097.02,7.256
SHP-000246-L2,SHP-000246,2,EU-APP-0024,Adult unisex t-shirt - Navy,3523,pcs,26.29,92619.67,610910,BATCH-000246-2,881.0,6.26
SHP-000247-L1,SHP-000247,1,EU-APP-0069,Adult women knitted dress - Beige,2671,pcs,10.69,28552.99,610443,BATCH-000247-1,1289.92,6.124
SHP-000248-L1,SHP-000248,1,EU-APP-0036,Adult women woven trousers - White,1490,pcs,6.54,9744.6,620462,BATCH-000248-1,876.57,4.071
SHP-000248-L2,SHP-000248,2,EU-APP-0080,Adult women woven trousers - Navy,2000,pcs,25.22,50440.0,620462,BATCH-000248-2,1160.92,6.347
SHP-000249-L1,SHP-000249,1,EU-APP-0047,Adult women woven trousers - Black,1862,pcs,20.93,38971.66,620462,BATCH-000249-1,975.99,5.709
SHP-000250-L1,SHP-000250,1,EU-APP-0047,Adult women woven trousers - Black,4226,pcs,22.18,93732.68,620462,BATCH-000250-1,2320.53,12.138
SHP-000251-L1,SHP-000251,1,EU-APP-0049,Adult men woven shirt - Olive,2712,pcs,16.11,43690.32,620520,BATCH-000251-1,1000.71,6.624
SHP-000252-L1,SHP-000252,1,EU-APP-0074,Adult men woven shirt - Navy,3706,pcs,19.85,73564.1,620520,BATCH-000252-1,1355.53,8.53
SHP-000253-L1,SHP-000253,1,EU-APP-0036,Adult women woven trousers - White,3938,pcs,24.25,95496.5,620462,BATCH-000253-1,2271.36,16.636
SHP-000254-L1,SHP-000254,1,EU-APP-0036,Adult women woven trousers - White,420,pcs,4.71,1978.2,620462,BATCH-000254-1,252.37,1.157
SHP-000255-L1,SHP-000255,1,EU-APP-0033,Adult unisex knitted hoodie - Beige,2739,pcs,13.96,38236.44,611020,BATCH-000255-1,1957.22,10.441
SHP-000256-L1,SHP-000256,1,EU-APP-0077,Adult unisex knitted t-shirt - Pink,2964,pcs,12.07,35775.48,610910,BATCH-000256-1,661.26,3.108
SHP-000257-L1,SHP-000257,1,EU-APP-0049,Adult men woven shirt - Olive,3634,pcs,20.33,73879.22,620520,BATCH-000257-1,1315.42,6.626
SHP-000258-L1,SHP-000258,1,EU-APP-0042,Adult women woven blouse - Beige,4300,pcs,18.92,81356.0,620630,BATCH-000258-1,1152.89,6.726
SHP-000259-L1,SHP-000259,1,EU-APP-0044,Adult men woven jacket - Black,4337,pcs,4.53,19646.61,620193,BATCH-000259-1,4278.43,26.634
SHP-000260-L1,SHP-000260,1,EU-APP-0031,Adult women knitted dress - Navy,3159,pcs,7.16,22618.44,61044300,BATCH-000260-1,1563.5,7.279
SHP-000260-L2,SHP-000260,2,EU-APP-0035,Adult women woven blouse - Grey,1870,pcs,25.67,48002.9,620630,BATCH-000260-2,538.67,2.753
SHP-000260-L3,SHP-000260,3,EU-APP-0005,Adult women woven trousers - Blue,828,pcs,18.14,15019.92,620462,BATCH-000260-3,432.88,3.543
SHP-000261-L1,SHP-000261,1,EU-APP-0004,Adult women woven blouse - Black,809,pcs,24.19,19569.71,620630,BATCH-000261-1,226.75,1.325
SHP-000262-L1,SHP-000262,1,EU-APP-0077,Adult unisex t-shirt - Pink,2488,pcs,25.06,62349.28,61091000,BATCH-000262-1,554.14,4.082
SHP-000263-L1,SHP-000263,1,EU-APP-0039,Adult women woven trousers - Navy,3052,pcs,23.74,72454.48,620462,BATCH-000263-1,1776.23,9.217
SHP-000264-L1,SHP-000264,1,EU-APP-0046,Adult unisex knitted t-shirt - Black,3612,pcs,5.04,18204.48,610910,BATCH-000264-1,859.63,4.097
SHP-000264-L2,SHP-000264,2,EU-APP-0038,Adult unisex knitted hoodie - Beige,3237,pcs,15.39,49817.43,611020,BATCH-000264-2,2387.65,14.402
SHP-000265-L1,SHP-000265,1,EU-APP-0009,Adult women knitted dress - Grey,4234,pcs,25.16,106527.44,610443,BATCH-000265-1,2314.2,12.082
SHP-000266-L1,SHP-000266,1,EU-APP-0069,Adult women knitted dress - Beige,943,pcs,4.36,4111.48,61044300,BATCH-000266-1,455.98,2.944
SHP-000267-L1,SHP-000267,1,EU-APP-0008,Adult unisex knitted hoodie - Black,699,pcs,15.68,10960.32,611020,BATCH-000267-1,492.21,3.469
SHP-000267-L2,SHP-000267,2,EU-APP-0048,Adult men woven jacket - Grey,4409,pcs,20.04,88356.36,620193,BATCH-000267-2,4149.25,30.28
SHP-000268-L1,SHP-000268,1,EU-APP-0032,Adult women knitted dress - White,3814,pcs,5.87,22388.18,610443,BATCH-000268-1,2198.43,13.688
SHP-000269-L1,SHP-000269,1,EU-APP-0079,Adult women woven blouse - Grey,758,pcs,18.24,13825.92,620630,BATCH-000269-1,226.37,1.746
SHP-000270-L1,SHP-000270,1,EU-APP-0057,Adult unisex knitted hoodie - Pink,2568,pcs,4.48,11504.64,611020,BATCH-000270-1,2187.18,10.007
SHP-000271-L1,SHP-000271,1,EU-APP-0036,Adult women woven trousers - White,2756,pcs,24.13,66502.28,620462,BATCH-000271-1,1643.66,9.399
SHP-000271-L2,SHP-000271,2,EU-APP-0015,Adult women knitted dress - Beige,2219,pcs,13.69,30378.11,610443,BATCH-000271-2,1226.26,9.996
SHP-000272-L1,SHP-000272,1,EU-APP-0052,Adult unisex knitted t-shirt - Black,2951,pcs,22.78,67223.78,610910,BATCH-000272-1,622.91,4.692
SHP-000272-L2,SHP-000272,2,EU-APP-0012,Adult unisex knitted t-shirt - Black,3062,pcs,15.08,46174.96,610910,BATCH-000272-2,686.39,3.24
SHP-000272-L3,SHP-000272,3,EU-APP-0073,Child unisex knitted sweatshirt - Beige,3939,pcs,23.75,93551.25,611020,BATCH-000272-3,1661.74,8.578
SHP-000273-L1,SHP-000273,1,EU-APP-0069,Adult women knitted dress - Beige,3648,pcs,6.64,24222.72,610443,BATCH-000273-1,1845.99,9.228
SHP-000274-L1,SHP-000274,1,EU-APP-0072,Adult men woven shirt - Red,964,pcs,7.91,7625.24,620520,BATCH-000274-1,324.12,1.921
SHP-000275-L1,SHP-000275,1,EU-APP-0045,Adult women woven blouse - Navy,2692,pcs,13.3,35803.6,620630,BATCH-000275-1,794.96,4.084
SHP-000276-L1,SHP-000276,1,EU-APP-0001,Adult women knitted dress - Black,3306,pcs,16.14,53358.84,610443,BATCH-000276-1,1765.3,10.653
SHP-000277-L1,SHP-000277,1,EU-APP-0030,Adult men woven shirt - Olive,3024,pcs,11.07,33475.68,620520,BATCH-000277-1,948.21,5.18
SHP-000277-L2,SHP-000277,2,EU-APP-0033,Adult unisex knitted hoodie - Beige,3566,pcs,9.12,32521.92,61102000,BATCH-000277-2,2671.4,13.894
SHP-000278-L1,SHP-000278,1,EU-APP-0042,Adult women woven blouse - Beige,676,pcs,15.78,10667.28,620630,BATCH-000278-1,187.58,1.178
SHP-000278-L2,SHP-000278,2,EU-APP-0049,Adult men woven shirt - Olive,1159,pcs,4.28,4960.52,620520,BATCH-000278-2,421.36,2.44
SHP-000279-L1,SHP-000279,1,EU-APP-0074,Adult men woven shirt - Navy,1345,pcs,5.56,7478.2,620520,BATCH-000279-1,472.48,2.999
SHP-000280-L1,SHP-000280,1,EU-APP-0022,Adult women woven blouse - Blue,419,pcs,11.01,4613.19,620630,BATCH-000280-1,127.61,0.929
SHP-000280-L2,SHP-000280,2,EU-APP-0019,Adult unisex knitted t-shirt - Olive,4436,pcs,15.66,69467.76,610910,BATCH-000280-2,950.42,7.669
SHP-000281-L1,SHP-000281,1,EU-APP-0035,Adult women woven blouse - Grey,432,pcs,9.45,4082.4,620630,BATCH-000281-1,122.34,0.569
SHP-000282-L1,SHP-000282,1,EU-APP-0080,Adult women woven trousers - Navy,1794,pcs,17.35,31125.9,620462,BATCH-000282-1,1062.74,6.018
SHP-000282-L2,SHP-000282,2,EU-APP-0054,Adult men woven jacket - Blue,2483,pcs,16.26,40373.58,620193,BATCH-000282-2,2555.3,19.625
SHP-000283-L1,SHP-000283,1,EU-APP-0003,Child unisex knitted sweatshirt - White,3691,pcs,22.15,81755.65,611020,BATCH-000283-1,1580.6,8.475
SHP-000284-L1,SHP-000284,1,EU-APP-0035,Adult women woven blouse - Grey,2666,pcs,16.52,44042.32,62063000,BATCH-000284-1,766.98,4.476
SHP-000284-L2,SHP-000284,2,EU-APP-0048,Adult men woven jacket - Grey,3596,pcs,27.15,97631.4,620193,BATCH-000284-2,3392.42,26.798
SHP-000285-L1,SHP-000285,1,EU-APP-0050,Adult men woven jacket - Grey,2665,pcs,20.3,54099.5,620193,BATCH-000285-1,2324.05,11.741
SHP-000286-L1,SHP-000286,1,EU-APP-0056,Adult unisex knitted t-shirt - Blue,1850,pcs,20.7,38295.0,610910,BATCH-000286-1,419.24,2.103
SHP-000287-L1,SHP-000287,1,EU-APP-0023,Adult unisex knitted t-shirt - Beige,2604,pcs,14.62,38070.48,610910,BATCH-000287-1,629.02,3.458
SHP-000287-L2,SHP-000287,2,EU-APP-0056,Adult unisex knitted t-shirt - Blue,2234,pcs,16.26,36324.84,610910,BATCH-000287-2,515.14,3.657
SHP-000287-L3,SHP-000287,3,EU-APP-0001,Adult women knitted dress - Black,874,pcs,15.87,13870.38,610443,BATCH-000287-3,474.78,2.778
SHP-000288-L1,SHP-000288,1,EU-APP-0019,Adult unisex knitted t-shirt - Olive,2757,pcs,8.53,23517.21,610910,BATCH-000288-1,595.86,4.458
SHP-000289-L1,SHP-000289,1,EU-APP-0035,Adult women woven blouse - Grey,3225,pcs,14.54,46891.5,62063000,BATCH-000289-1,944.72,6.537
SHP-000290-L1,SHP-000290,1,EU-APP-0040,Adult unisex knitted hoodie - Olive,4155,pcs,17.15,71258.25,611020,BATCH-000290-1,3324.57,16.112
SHP-000290-L2,SHP-000290,2,EU-APP-0046,Adult unisex knitted t-shirt - Black,3332,pcs,13.31,44348.92,610910,BATCH-000290-2,829.89,6.466
SHP-000291-L1,SHP-000291,1,EU-APP-0057,Adult unisex knitted hoodie - Pink,2385,pcs,24.17,57645.45,611020,BATCH-000291-1,2016.71,10.159
SHP-000291-L2,SHP-000291,2,EU-APP-0028,Adult men woven shirt - Grey,675,pcs,5.11,3449.25,620520,BATCH-000291-2,240.41,1.581
SHP-000292-L1,SHP-000292,1,EU-APP-0025,Adult men woven jacket - White,3029,pcs,6.56,19870.24,620193,BATCH-000292-1,2786.3,14.389
SHP-000292-L2,SHP-000292,2,EU-APP-0042,Adult women woven blouse - Beige,1383,pcs,25.88,35792.04,620630,BATCH-000292-2,371.76,1.896
SHP-000293-L1,SHP-000293,1,EU-APP-0049,Adult men woven shirt - Olive,2922,pcs,10.66,31148.52,620520,BATCH-000293-1,1054.33,4.855
SHP-000293-L2,SHP-000293,2,EU-APP-0015,Adult women knitted dress - Beige,3883,pcs,11.46,44499.18,610443,BATCH-000293-2,2107.03,13.384
SHP-000294-L1,SHP-000294,1,EU-APP-0033,Adult unisex knitted hoodie - Beige,694,pcs,15.3,10618.2,611020,BATCH-000294-1,505.57,3.345
SHP-000295-L1,SHP-000295,1,EU-APP-0024,Adult unisex t-shirt - Navy,588,pcs,16.6,9760.8,610910,BATCH-000295-1,143.28,0.955
SHP-000296-L1,SHP-000296,1,EU-APP-0069,Adult women knitted dress - Beige,1974,pcs,9.3,18358.2,610443,BATCH-000296-1,997.79,5.011
SHP-000297-L1,SHP-000297,1,EU-APP-0040,Adult unisex knitted hoodie - Olive,4182,pcs,19.77,82678.14,611020,BATCH-000297-1,3478.15,16.258
SHP-000298-L1,SHP-000298,1,EU-APP-0049,Adult men woven shirt - Olive,4015,pcs,12.74,51151.1,62052000,BATCH-000298-1,1434.21,8.643
SHP-000299-L1,SHP-000299,1,EU-APP-0047,Adult women woven trousers - Black,2539,pcs,20.82,52861.98,620462,BATCH-000299-1,1387.85,8.437
SHP-000300-L1,SHP-000300,1,EU-APP-0017,Adult men woven jacket - Black,3676,pcs,10.99,40399.24,620193,BATCH-000300-1,3348.34,23.63
