shipment_id,shipment_date,exporter_id,buyer_id,origin_city,destination_country_raw,destination_market,destination_port,transport_preference,incoterm,delivery_deadline,current_stage,commercial_currency,declared_total_value,declared_gross_weight_kg,declared_volume_cbm,package_count,special_handling_text
SHP-000001,2026-09-07,EXP-0001,BUY-0002,Delhi,The Netherlands,NL,Rotterdam,Air,CIP,2026-09-23,CUSTOMS_PREPARATION,USD,4755.27,1197.02,5.544,33,Retail launch deadline
SHP-000002,2026-07-23,EXP-0009,BUY-0001,Surat,Germany,DE,Hamburg,Air,CIP,2026-08-06,PRE_PRODUCTION,USD,20348.1,1022.22,8.516,37,Standard
SHP-000003,2026-07-25,EXP-0004,BUY-0012,Kolkata,Netherlands,NL,Rotterdam,Sea LCL,DAP,2026-09-11,BOOKING,USD,164212.59,1800.93,11.283,66,Standard
SHP-000004,2026-09-17,EXP-0002,BUY-0013,Mumbai,FR,FR,Marseille,Sea LCL,CIP,2026-10-28,PRODUCT_APPROVAL,USD,67968.36,2458.89,15.996,89,Retail launch deadline
SHP-000005,2026-09-17,EXP-0012,BUY-0014,Mumbai,IT,IT,Genoa,Air,CIF,2026-09-26,PRODUCT_APPROVAL,USD,40019.57,1283.12,8.231,47,
SHP-000006,2026-07-10,EXP-0004,BUY-0028,Kolkata,French Republic,FR,Le Havre,Sea LCL,CIP,2026-08-12,BOOKING,USD,17244.96,2070.53,9.804,74,Do not stack
SHP-000007,2026-09-11,EXP-0009,BUY-0013,Surat,France,FR,Marseille,Air,CIP,2026-09-21,DISPATCH,USD,21947.84,199.75,0.978,8,Do not stack
SHP-000008,2026-11-03,EXP-0005,BUY-0004,Bengaluru,IT,IT,Genoa,Sea LCL,FOB,2026-12-13,BOOKING,USD,45326.16,2050.91,11.649,74,Do not stack
SHP-000009,2026-08-01,EXP-0010,BUY-0006,Tiruppur,Germany,DE,Bremerhaven,Sea LCL,FOB,2026-09-15,PRE_PRODUCTION,USD,110999.16,2213.08,17.822,80,Standard
SHP-000010,2026-08-15,EXP-0005,BUY-0019,Bengaluru,Italia,IT,Genoa,Air,CIP,2026-08-30,IN_TRANSIT,USD,57698.46,946.58,5.557,34,
SHP-000011,2026-08-29,EXP-0012,BUY-0019,Mumbai,IT,IT,Genoa,Sea LCL,DAP,2026-10-16,CUSTOMS_PREPARATION,USD,11638.9,1187.55,8.187,44,Retail launch deadline
SHP-000012,2026-11-29,EXP-0011,BUY-0030,Delhi,Spain,ES,Valencia,Air,CIF,2026-12-14,PRODUCT_APPROVAL,USD,16159.52,676.48,3.609,25,Standard
SHP-000013,2026-12-01,EXP-0012,BUY-0025,Mumbai,Spain,ES,Valencia,Air,CIP,2026-12-15,BOOKING,USD,52063.41,745.96,3.883,27,Do not stack
SHP-000014,2026-10-04,EXP-0002,BUY-0004,Mumbai,IT,IT,Genoa,Sea LCL,DAP,2026-11-05,CUSTOMS_PREPARATION,USD,151450.28,2839.02,14.992,103,
SHP-000015,2026-09-23,EXP-0006,BUY-0003,Jaipur,France,FR,Marseille,Air,FOB,2026-10-09,CUSTOMS_PREPARATION,USD,46594.8,422.89,1.949,16,Standard
SHP-000016,2026-08-09,EXP-0011,BUY-0018,Delhi,French Republic,FR,Marseille,Air,FOB,2026-08-18,DISPATCH,USD,93270.96,1394.38,9.53,51,
SHP-000017,2026-12-08,EXP-0010,BUY-0013,Tiruppur,France,FR,Le Havre,Sea LCL,FOB,2027-01-27,PRE_PRODUCTION,USD,62257.91,4029.65,23.321,144,
SHP-000018,2026-09-09,EXP-0008,BUY-0008,Ludhiana,French Republic,FR,Marseille,Air,CIF,2026-09-24,DISPATCH,USD,38295.26,1469.45,8.017,53,
SHP-000019,2026-10-17,EXP-0002,BUY-0030,Mumbai,ES,ES,Valencia,Sea LCL,FOB,2026-11-19,IN_TRANSIT,USD,102899.76,2287.56,13.456,82,Retail launch deadline
SHP-000020,2026-09-06,EXP-0012,BUY-0028,Mumbai,FR,FR,Marseille,Sea LCL,FOB,2026-10-08,PACKING,USD,25841.13,1728.42,10.104,63,
SHP-000021,2026-08-30,EXP-0012,BUY-0011,Mumbai,Federal Republic of Germany,DE,Hamburg,Air,DAP,2026-09-14,DISPATCH,USD,10168.25,1441.29,11.895,52,Retail launch deadline
SHP-000022,2026-08-09,EXP-0004,BUY-0022,Kolkata,Netherlands,NL,Rotterdam,Air,FOB,2026-08-26,DISPATCH,USD,19812.0,1379.68,6.484,50,
SHP-000023,2026-11-18,EXP-0009,BUY-0008,Surat,France,FR,Le Havre,Sea LCL,FOB,2027-01-01,IN_TRANSIT,USD,17391.36,803.9,4.193,29,
SHP-000024,2026-09-24,EXP-0001,BUY-0011,Delhi,Federal Republic of Germany,DE,Bremerhaven,Air,CIF,2026-10-10,DISPATCH,USD,12484.78,524.22,4.23,19,Retail launch deadline
SHP-000025,2026-07-26,EXP-0010,BUY-0006,Tiruppur,Federal Republic of Germany,DE,Bremerhaven,Sea LCL,CIP,2026-09-11,DISPATCH,USD,71413.11,2170.99,15.919,78,Standard
SHP-000026,2026-10-24,EXP-0004,BUY-0016,Kolkata,Federal Republic of Germany,DE,Bremerhaven,Sea LCL,CIP,2026-12-02,PRE_PRODUCTION,USD,6117.12,397.74,2.796,15,Do not stack
SHP-000027,2026-11-07,EXP-0007,BUY-0019,Ahmedabad,IT,IT,Genoa,Sea LCL,CIF,2026-12-22,DISPATCH,USD,57106.8,1555.23,12.216,56,
SHP-000028,2026-08-06,EXP-0008,BUY-0003,Ludhiana,FR,FR,Le Havre,Sea LCL,CIP,2026-09-22,BOOKING,USD,153103.48,7034.8,33.669,252,Moisture protection requested
SHP-000029,2026-10-03,EXP-0002,BUY-0020,Mumbai,España,ES,Valencia,Sea LCL,CIP,2026-11-12,PACKING,USD,11310.66,1970.99,9.396,71,Do not stack
SHP-000030,2026-07-09,EXP-0007,BUY-0013,Ahmedabad,France,FR,Le Havre,Sea LCL,CIF,2026-08-10,IN_TRANSIT,USD,79923.52,711.27,3.392,26,
SHP-000031,2026-08-19,EXP-0003,BUY-0001,Chennai,DE,DE,Bremerhaven,Sea LCL,CIF,2026-09-28,DISPATCH,USD,108875.18,1298.68,6.32,47,Retail launch deadline
SHP-000032,2026-11-20,EXP-0011,BUY-0007,Delhi,The Netherlands,NL,Rotterdam,Air,DAP,2026-12-02,DISPATCH,USD,64386.3,606.64,3.701,22,Moisture protection requested
SHP-000033,2026-08-09,EXP-0010,BUY-0008,Tiruppur,FR,FR,Marseille,Sea LCL,CIF,2026-09-25,PRE_PRODUCTION,USD,27825.75,1022.22,5.369,37,
SHP-000034,2026-07-25,EXP-0010,BUY-0015,Tiruppur,Spain,ES,Valencia,Sea LCL,CIP,2026-08-26,IN_TRANSIT,USD,8775.23,154.56,0.978,6,Do not stack
SHP-000035,2026-11-25,EXP-0011,BUY-0003,Delhi,French Republic,FR,Le Havre,Sea LCL,FOB,2027-01-04,PRE_PRODUCTION,USD,117790.07,2586.83,13.903,94,Retail launch deadline
SHP-000036,2026-12-02,EXP-0004,BUY-0009,Kolkata,IT,IT,Genoa,Sea LCL,CIP,2027-01-04,PRE_PRODUCTION,USD,8049.12,374.99,2.676,14,
SHP-000037,2026-11-03,EXP-0006,BUY-0022,Jaipur,NL,NL,Rotterdam,Sea LCL,FOB,2026-12-03,CUSTOMS_PREPARATION,USD,150038.22,3239.46,17.203,117,Do not stack
SHP-000038,2026-08-16,EXP-0011,BUY-0003,Delhi,France,FR,Le Havre,Air,CIF,2026-09-02,IN_TRANSIT,USD,32897.18,1014.78,5.128,37,
SHP-000039,2026-11-14,EXP-0005,BUY-0024,Bengaluru,Italia,IT,Genoa,Air,DAP,2026-12-01,CUSTOMS_PREPARATION,USD,34037.1,416.63,2.299,15,Standard
SHP-000040,2026-09-19,EXP-0012,BUY-0012,Mumbai,NL,NL,Rotterdam,Air,DAP,2026-10-02,PRODUCT_APPROVAL,USD,16165.6,1191.02,6.922,43,
SHP-000041,2026-09-04,EXP-0003,BUY-0015,Chennai,Spain,ES,Barcelona,Air,FOB,2026-09-21,CUSTOMS_PREPARATION,USD,26310.96,778.2,4.298,28,
SHP-000042,2026-11-27,EXP-0003,BUY-0018,Chennai,France,FR,Le Havre,Sea LCL,CIP,2027-01-06,PRE_PRODUCTION,USD,29374.8,1601.64,11.079,58,Moisture protection requested
SHP-000043,2026-12-03,EXP-0001,BUY-0020,Delhi,ES,ES,Barcelona,Air,CIF,2026-12-18,CUSTOMS_PREPARATION,USD,18444.85,985.38,6.282,36,Standard
SHP-000044,2026-08-31,EXP-0004,BUY-0026,Kolkata,DE,DE,Hamburg,Sea LCL,DAP,2026-10-03,IN_TRANSIT,USD,12770.4,153.63,1.155,6,Retail launch deadline
SHP-000045,2026-09-01,EXP-0003,BUY-0002,Chennai,NL,NL,Rotterdam,Sea LCL,DAP,2026-10-11,BOOKING,USD,61736.1,1941.28,13.76,70,Retail launch deadline
SHP-000046,2026-12-07,EXP-0004,BUY-0023,Kolkata,France,FR,Marseille,Sea LCL,CIF,2027-01-25,PRODUCT_APPROVAL,USD,43185.18,2397.1,18.768,87,Moisture protection requested
SHP-000047,2026-08-29,EXP-0012,BUY-0026,Mumbai,Germany,DE,Hamburg,Sea LCL,CIP,2026-10-05,PRE_PRODUCTION,USD,131792.74,3568.76,25.75,129,Moisture protection requested
SHP-000048,2026-09-22,EXP-0011,BUY-0009,Delhi,Italy,IT,Genoa,Air,DAP,2026-10-03,CUSTOMS_PREPARATION,USD,10533.15,540.47,3.949,20,Standard
SHP-000049,2026-07-20,EXP-0002,BUY-0018,Mumbai,French Republic,FR,Le Havre,Sea LCL,DAP,2026-09-07,CUSTOMS_PREPARATION,USD,136712.3,2717.53,16.875,98,Moisture protection requested
SHP-000050,2026-08-02,EXP-0004,BUY-0016,Kolkata,Federal Republic of Germany,DE,Bremerhaven,Sea LCL,CIF,2026-09-12,PRODUCT_APPROVAL,USD,43129.3,1142.87,8.215,41,Moisture protection requested
SHP-000051,2026-11-27,EXP-0011,BUY-0006,Delhi,Federal Republic of Germany,DE,Hamburg,Air,DAP,2026-12-09,DISPATCH,USD,38273.92,879.76,4.432,32,Moisture protection requested
SHP-000052,2026-11-30,EXP-0001,BUY-0024,Delhi,IT,IT,Genoa,Air,DAP,2026-12-09,PRE_PRODUCTION,USD,61129.84,565.18,2.758,21,Moisture protection requested
SHP-000053,2026-10-08,EXP-0008,BUY-0002,Ludhiana,Netherlands,NL,Rotterdam,Air,CIP,2026-10-23,PRE_PRODUCTION,USD,20337.63,653.49,3.279,24,
SHP-000054,2026-07-28,EXP-0009,BUY-0024,Surat,Italia,IT,Genoa,Sea LCL,CIF,2026-08-30,PACKING,USD,24964.08,1828.84,9.303,66,Retail launch deadline
SHP-000055,2026-08-18,EXP-0001,BUY-0006,Delhi,Germany,DE,Hamburg,Air,FOB,2026-09-03,CUSTOMS_PREPARATION,USD,24899.26,936.02,6.544,34,Standard
SHP-000056,2026-07-06,EXP-0007,BUY-0021,Ahmedabad,Germany,DE,Bremerhaven,Sea LCL,CIP,2026-08-17,CUSTOMS_PREPARATION,USD,68287.12,1574.08,12.005,57,Moisture protection requested
SHP-000057,2026-09-20,EXP-0009,BUY-0012,Surat,NL,NL,Rotterdam,Air,DAP,2026-10-02,PRE_PRODUCTION,USD,38502.65,1333.66,7.389,48,
SHP-000058,2026-09-05,EXP-0001,BUY-0023,Delhi,FR,FR,Marseille,Air,FOB,2026-09-17,CUSTOMS_PREPARATION,USD,12614.93,921.51,6.495,33,Standard
SHP-000059,2026-09-19,EXP-0010,BUY-0021,Tiruppur,DE,DE,Bremerhaven,Sea LCL,CIF,2026-11-04,PRE_PRODUCTION,USD,123142.12,5754.84,33.569,207,
SHP-000060,2026-08-26,EXP-0006,BUY-0019,Jaipur,IT,IT,Genoa,Sea LCL,FOB,2026-09-28,PACKING,USD,80111.36,1667.5,10.562,61,Moisture protection requested
SHP-000061,2026-12-04,EXP-0008,BUY-0023,Ludhiana,FR,FR,Le Havre,Air,CIF,2026-12-22,DISPATCH,USD,18061.98,908.85,4.345,33,Retail launch deadline
SHP-000062,2026-09-07,EXP-0002,BUY-0005,Mumbai,España,ES,Valencia,Air,FOB,2026-09-20,PACKING,USD,72761.29,805.93,4.404,29,Retail launch deadline
SHP-000063,2026-10-02,EXP-0004,BUY-0009,Kolkata,IT,IT,Genoa,Air,DAP,2026-10-15,BOOKING,USD,29181.42,1481.74,7.895,54,
SHP-000064,2026-10-01,EXP-0007,BUY-0022,Ahmedabad,The Netherlands,NL,Rotterdam,Sea LCL,FOB,2026-11-08,CUSTOMS_PREPARATION,USD,40577.01,2045.51,14.037,74,Retail launch deadline
SHP-000065,2026-09-05,EXP-0003,BUY-0023,Chennai,French Republic,FR,Le Havre,Sea LCL,CIP,2026-10-25,PRODUCT_APPROVAL,USD,16546.86,1144.48,5.528,41,Retail launch deadline
SHP-000066,2026-08-01,EXP-0009,BUY-0022,Surat,NL,NL,Rotterdam,Sea LCL,CIP,2026-09-03,PRE_PRODUCTION,USD,41767.54,2728.62,17.663,98,
SHP-000067,2026-11-23,EXP-0004,BUY-0023,Kolkata,FR,FR,Le Havre,Sea LCL,DAP,2026-12-31,BOOKING,USD,72217.53,2662.79,13.073,96,Standard
SHP-000068,2026-07-01,EXP-0011,BUY-0030,Delhi,España,ES,Barcelona,Sea LCL,FOB,2026-08-08,CUSTOMS_PREPARATION,USD,193433.24,4882.86,24.36,176,Retail launch deadline
SHP-000069,2026-08-17,EXP-0006,BUY-0021,Jaipur,Germany,DE,Bremerhaven,Air,FOB,2026-09-02,CUSTOMS_PREPARATION,USD,33243.24,1087.66,7.307,39,Standard
SHP-000070,2026-08-12,EXP-0005,BUY-0018,Bengaluru,French Republic,FR,Le Havre,Sea LCL,DAP,2026-09-14,BOOKING,USD,136369.89,4430.27,26.745,159,Do not stack
SHP-000071,2026-07-16,EXP-0005,BUY-0016,Bengaluru,DE,DE,Hamburg,Sea LCL,FOB,2026-08-31,DISPATCH,USD,60468.88,1083.79,5.804,39,Do not stack
SHP-000072,2026-08-02,EXP-0002,BUY-0010,Mumbai,España,ES,Barcelona,Air,CIP,2026-08-12,CUSTOMS_PREPARATION,USD,4138.82,153.71,0.755,6,Do not stack
SHP-000073,2026-09-11,EXP-0005,BUY-0007,Bengaluru,The Netherlands,NL,Rotterdam,Sea LCL,FOB,2026-10-26,PRE_PRODUCTION,USD,50916.9,3045.75,17.644,109,Retail launch deadline
SHP-000074,2026-10-02,EXP-0002,BUY-0018,Mumbai,French Republic,FR,Marseille,Sea LCL,FOB,2026-11-11,BOOKING,USD,98881.8,2515.51,16.244,91,Standard
SHP-000075,2026-09-02,EXP-0011,BUY-0001,Delhi,Federal Republic of Germany,DE,Bremerhaven,Sea LCL,DAP,2026-10-22,CUSTOMS_PREPARATION,USD,63043.6,1655.94,8.09,60,Do not stack
SHP-000076,2026-11-23,EXP-0005,BUY-0018,Bengaluru,FR,FR,Le Havre,Sea LCL,CIF,2026-12-24,IN_TRANSIT,USD,40425.98,996.41,7.917,36,Moisture protection requested
SHP-000077,2026-07-14,EXP-0004,BUY-0025,Kolkata,ES,ES,Barcelona,Air,FOB,2026-08-01,PRODUCT_APPROVAL,USD,11989.16,789.64,4.107,29,
SHP-000078,2026-11-04,EXP-0007,BUY-0009,Ahmedabad,IT,IT,Genoa,Sea LCL,CIP,2026-12-22,BOOKING,USD,16926.0,1618.68,9.735,58,Moisture protection requested
SHP-000079,2026-07-19,EXP-0011,BUY-0009,Delhi,Italia,IT,Genoa,Sea LCL,DAP,2026-08-25,DISPATCH,USD,94267.18,3124.71,19.198,112,Standard
SHP-000080,2026-07-24,EXP-0002,BUY-0028,Mumbai,FR,FR,Marseille,Air,CIP,2026-08-03,DISPATCH,USD,25294.8,682.88,3.589,25,Retail launch deadline
SHP-000081,2026-09-13,EXP-0012,BUY-0029,Mumbai,Italia,IT,Genoa,Sea LCL,FOB,2026-10-22,PRE_PRODUCTION,USD,98778.0,5174.94,31.336,186,Moisture protection requested
SHP-000082,2026-08-26,EXP-0011,BUY-0001,Delhi,DE,DE,Hamburg,Sea LCL,FOB,2026-10-03,BOOKING,USD,83862.2,899.09,6.554,33,Moisture protection requested
SHP-000083,2026-10-01,EXP-0011,BUY-0002,Delhi,The Netherlands,NL,Rotterdam,Sea LCL,CIP,2026-11-13,PRODUCT_APPROVAL,USD,18068.27,1500.82,9.082,54,Moisture protection requested
SHP-000084,2026-10-23,EXP-0006,BUY-0018,Jaipur,FR,FR,Le Havre,Air,CIP,2026-11-07,IN_TRANSIT,USD,23527.6,779.37,4.602,28,Retail launch deadline
SHP-000085,2026-10-22,EXP-0005,BUY-0010,Bengaluru,Spain,ES,Valencia,Sea LCL,CIP,2026-11-25,CUSTOMS_PREPARATION,USD,72620.6,3341.51,15.784,120,Moisture protection requested
SHP-000086,2026-11-22,EXP-0001,BUY-0009,Delhi,Italy,IT,Genoa,Sea LCL,CIF,2027-01-06,PRE_PRODUCTION,USD,34534.71,1516.52,11.413,55,Moisture protection requested
SHP-000087,2026-09-22,EXP-0011,BUY-0020,Delhi,España,ES,Barcelona,Sea LCL,CIP,2026-11-08,PACKING,USD,9703.79,317.81,2.476,12,Moisture protection requested
SHP-000088,2026-12-02,EXP-0010,BUY-0014,Tiruppur,IT,IT,Genoa,Sea LCL,CIF,2027-01-01,CUSTOMS_PREPARATION,USD,39317.67,1325.44,10.071,48,Standard
SHP-000089,2026-07-23,EXP-0006,BUY-0027,Jaipur,NL,NL,Rotterdam,Sea LCL,DAP,2026-09-02,DISPATCH,USD,73903.8,2145.4,13.999,77,Do not stack
SHP-000090,2026-09-23,EXP-0004,BUY-0024,Kolkata,Italia,IT,Genoa,Sea LCL,CIF,2026-10-24,DISPATCH,USD,16713.68,1635.03,7.447,59,Retail launch deadline
SHP-000091,2026-11-06,EXP-0009,BUY-0027,Surat,The Netherlands,NL,Rotterdam,Sea LCL,CIP,2026-12-10,PACKING,USD,39376.53,557.88,3.183,20,Moisture protection requested
SHP-000092,2026-09-13,EXP-0001,BUY-0004,Delhi,IT,IT,Genoa,Air,CIP,2026-09-29,DISPATCH,USD,64819.5,1172.53,7.696,42,Moisture protection requested
SHP-000093,2026-12-05,EXP-0001,BUY-0015,Delhi,Spain,ES,Valencia,Sea LCL,CIF,2027-01-15,PRE_PRODUCTION,USD,83596.21,1328.04,8.652,49,Do not stack
SHP-000094,2026-08-29,EXP-0010,BUY-0009,Tiruppur,Italia,IT,Genoa,Sea LCL,CIP,2026-10-06,PACKING,USD,6845.0,647.24,4.206,24,Do not stack
SHP-000095,2026-12-02,EXP-0009,BUY-0011,Surat,Federal Republic of Germany,DE,Bremerhaven,Sea LCL,FOB,2027-01-08,PRE_PRODUCTION,USD,12903.85,821.31,3.814,30,Moisture protection requested
SHP-000096,2026-09-18,EXP-0005,BUY-0005,Bengaluru,ES,ES,Barcelona,Sea LCL,DAP,2026-10-24,CUSTOMS_PREPARATION,USD,113539.27,1882.81,10.521,70,Moisture protection requested
SHP-000097,2026-08-02,EXP-0001,BUY-0016,Delhi,Germany,DE,Hamburg,Sea LCL,CIF,2026-09-20,PACKING,USD,32945.94,1955.68,10.308,71,Do not stack
SHP-000098,2026-10-25,EXP-0003,BUY-0028,Chennai,FR,FR,Le Havre,Sea LCL,CIP,2026-12-07,PACKING,USD,73258.24,1528.82,8.436,55,
SHP-000099,2026-07-29,EXP-0005,BUY-0028,Bengaluru,French Republic,FR,Le Havre,Air,DAP,2026-08-15,PACKING,USD,29260.8,1192.86,6.897,43,Standard
SHP-000100,2026-11-10,EXP-0009,BUY-0029,Surat,Italy,IT,Genoa,Sea LCL,CIP,2026-12-18,PRE_PRODUCTION,USD,84164.01,1384.17,8.204,50,
SHP-000101,2026-08-03,EXP-0010,BUY-0020,Tiruppur,Spain,ES,Barcelona,Sea LCL,DAP,2026-09-16,IN_TRANSIT,USD,37498.74,2213.85,16.837,80,Standard
SHP-000102,2026-08-19,EXP-0011,BUY-0009,Delhi,Italia,IT,Genoa,Air,CIF,2026-08-28,BOOKING,USD,80928.99,1477.41,8.123,54,Retail launch deadline
SHP-000103,2026-09-17,EXP-0011,BUY-0003,Delhi,FR,FR,Marseille,Air,CIP,2026-10-02,CUSTOMS_PREPARATION,USD,37127.64,1397.1,7.884,50,Moisture protection requested
SHP-000104,2026-10-29,EXP-0008,BUY-0028,Ludhiana,FR,FR,Marseille,Sea LCL,CIF,2026-12-10,CUSTOMS_PREPARATION,USD,2979.43,548.4,4.097,20,Standard
SHP-000105,2026-08-16,EXP-0005,BUY-0019,Bengaluru,IT,IT,Genoa,Air,DAP,2026-08-28,DISPATCH,USD,55439.04,1525.81,8.997,55,Do not stack
SHP-000106,2026-07-29,EXP-0004,BUY-0012,Kolkata,The Netherlands,NL,Rotterdam,Sea LCL,DAP,2026-09-15,PRODUCT_APPROVAL,USD,27307.84,2413.36,13.723,87,Moisture protection requested
SHP-000107,2026-11-29,EXP-0001,BUY-0028,Delhi,FR,FR,Marseille,Sea LCL,DAP,2027-01-12,PRODUCT_APPROVAL,USD,83550.72,1084.63,5.579,39,
SHP-000108,2026-09-17,EXP-0004,BUY-0021,Kolkata,Federal Republic of Germany,DE,Bremerhaven,Sea LCL,FOB,2026-10-22,PRE_PRODUCTION,USD,8393.25,1046.08,4.824,38,Do not stack
SHP-000109,2026-09-12,EXP-0002,BUY-0009,Mumbai,Italy,IT,Genoa,Sea LCL,DAP,2026-10-14,PRE_PRODUCTION,USD,58867.36,2653.11,17.744,96,Standard
SHP-000110,2026-11-16,EXP-0001,BUY-0008,Delhi,France,FR,Le Havre,Air,CIF,2026-12-03,PRODUCT_APPROVAL,USD,49078.32,735.62,4.529,27,Retail launch deadline
SHP-000111,2026-10-03,EXP-0002,BUY-0010,Mumbai,ES,ES,Valencia,Sea LCL,FOB,2026-11-09,PACKING,USD,73288.8,1185.68,9.358,43,Moisture protection requested
SHP-000112,2026-07-08,EXP-0012,BUY-0010,Mumbai,España,ES,Barcelona,Sea LCL,CIF,2026-08-24,PACKING,USD,9095.34,461.15,2.533,17,
SHP-000113,2026-08-17,EXP-0011,BUY-0005,Delhi,España,ES,Valencia,Sea LCL,CIF,2026-09-17,PRE_PRODUCTION,USD,33747.21,860.84,5.901,31,
SHP-000114,2026-09-21,EXP-0004,BUY-0013,Kolkata,FR,FR,Le Havre,Air,CIP,2026-10-09,BOOKING,USD,8403.75,103.03,0.511,4,Retail launch deadline
SHP-000115,2026-10-02,EXP-0001,BUY-0011,Delhi,DE,DE,Bremerhaven,Sea LCL,FOB,2026-11-21,PRE_PRODUCTION,USD,37861.54,1773.26,10.738,64,
SHP-000116,2026-11-29,EXP-0001,BUY-0019,Delhi,Italy,IT,Genoa,Sea LCL,DAP,2027-01-06,BOOKING,USD,19634.16,2100.19,10.166,76,Moisture protection requested
SHP-000117,2026-10-15,EXP-0011,BUY-0016,Delhi,Germany,DE,Bremerhaven,Air,FOB,2026-10-30,PRODUCT_APPROVAL,USD,54936.79,1050.3,5.967,38,Moisture protection requested
SHP-000118,2026-10-28,EXP-0007,BUY-0010,Ahmedabad,Spain,ES,Barcelona,Air,CIP,2026-11-12,CUSTOMS_PREPARATION,USD,55722.43,873.79,5.857,32,
SHP-000119,2026-08-06,EXP-0002,BUY-0018,Mumbai,French Republic,FR,Le Havre,Sea LCL,CIP,2026-09-14,CUSTOMS_PREPARATION,USD,31701.5,1955.11,11.444,70,
SHP-000120,2026-08-16,EXP-0008,BUY-0008,Ludhiana,France,FR,Le Havre,Sea LCL,DAP,2026-09-23,IN_TRANSIT,USD,66186.4,2365.94,12.713,86,Moisture protection requested
SHP-000121,2026-11-12,EXP-0009,BUY-0016,Surat,Federal Republic of Germany,DE,Bremerhaven,Sea LCL,CIP,2026-12-16,DISPATCH,USD,55329.64,2396.0,14.632,86,Do not stack
SHP-000122,2026-07-24,EXP-0001,BUY-0008,Delhi,French Republic,FR,Marseille,Sea LCL,DAP,2026-08-29,PACKING,USD,14515.03,193.39,1.184,7,Do not stack
SHP-000123,2026-09-15,EXP-0012,BUY-0024,Mumbai,Italia,IT,Genoa,Air,DAP,2026-09-26,PRE_PRODUCTION,USD,19395.88,1432.16,7.086,52,Moisture protection requested
SHP-000124,2026-09-29,EXP-0008,BUY-0022,Ludhiana,NL,NL,Rotterdam,Sea LCL,DAP,2026-11-01,DISPATCH,USD,47031.15,825.84,4.342,30,
SHP-000125,2026-11-28,EXP-0002,BUY-0022,Mumbai,NL,NL,Rotterdam,Sea LCL,FOB,2027-01-12,CUSTOMS_PREPARATION,USD,71623.64,1603.27,9.361,58,Standard
SHP-000126,2026-07-15,EXP-0008,BUY-0008,Ludhiana,France,FR,Le Havre,Sea LCL,CIF,2026-08-17,PACKING,USD,90439.66,3476.11,20.108,125,
SHP-000127,2026-10-18,EXP-0003,BUY-0023,Chennai,France,FR,Marseille,Sea LCL,DAP,2026-11-26,PRODUCT_APPROVAL,USD,66580.12,1962.0,12.635,71,Retail launch deadline
SHP-000128,2026-11-24,EXP-0002,BUY-0022,Mumbai,The Netherlands,NL,Rotterdam,Sea LCL,DAP,2027-01-12,BOOKING,USD,28738.8,532.79,3.375,20,
SHP-000129,2026-09-10,EXP-0006,BUY-0022,Jaipur,NL,NL,Rotterdam,Sea LCL,CIF,2026-10-26,PRE_PRODUCTION,USD,95181.1,895.34,6.085,32,Standard
SHP-000130,2026-11-01,EXP-0011,BUY-0015,Delhi,Spain,ES,Valencia,Sea LCL,CIP,2026-12-08,PRODUCT_APPROVAL,USD,80064.06,1966.41,11.694,71,Standard
SHP-000131,2026-11-06,EXP-0004,BUY-0004,Kolkata,Italy,IT,Genoa,Sea LCL,DAP,2026-12-12,PACKING,USD,50963.6,2736.03,14.178,98,Moisture protection requested
SHP-000132,2026-08-10,EXP-0002,BUY-0030,Mumbai,España,ES,Valencia,Sea LCL,DAP,2026-09-19,PRE_PRODUCTION,USD,95118.71,4487.02,27.366,161,Moisture protection requested
SHP-000133,2026-08-07,EXP-0007,BUY-0018,Ahmedabad,French Republic,FR,Marseille,Air,FOB,2026-08-16,PRODUCT_APPROVAL,USD,32205.47,1103.05,7.908,41,Standard
SHP-000134,2026-08-09,EXP-0002,BUY-0015,Mumbai,España,ES,Valencia,Sea LCL,CIP,2026-09-16,IN_TRANSIT,USD,21341.3,2124.61,11.76,76,Retail launch deadline
SHP-000135,2026-11-24,EXP-0010,BUY-0025,Tiruppur,ES,ES,Valencia,Sea LCL,CIP,2027-01-13,IN_TRANSIT,USD,49813.28,1290.64,7.275,47,Do not stack
SHP-000136,2026-08-17,EXP-0008,BUY-0022,Ludhiana,NL,NL,Rotterdam,Air,CIF,2026-09-02,PACKING,USD,27994.68,1564.49,11.897,56,Moisture protection requested
SHP-000137,2026-08-13,EXP-0003,BUY-0026,Chennai,Germany,DE,Hamburg,Sea LCL,CIP,2026-09-24,BOOKING,USD,61763.4,1943.12,11.847,70,
SHP-000138,2026-08-24,EXP-0008,BUY-0015,Ludhiana,España,ES,Valencia,Sea LCL,CIF,2026-10-02,CUSTOMS_PREPARATION,USD,10570.3,389.67,1.849,14,
SHP-000139,2026-07-11,EXP-0006,BUY-0025,Jaipur,Spain,ES,Valencia,Sea LCL,CIP,2026-08-18,BOOKING,USD,105340.72,2010.21,13.463,73,Moisture protection requested
SHP-000140,2026-10-02,EXP-0006,BUY-0028,Jaipur,France,FR,Le Havre,Sea LCL,FOB,2026-11-18,CUSTOMS_PREPARATION,USD,43079.46,2213.78,12.459,80,Do not stack
SHP-000141,2026-09-11,EXP-0007,BUY-0001,Ahmedabad,Federal Republic of Germany,DE,Bremerhaven,Air,CIP,2026-09-27,IN_TRANSIT,USD,45601.92,715.3,3.383,26,
SHP-000142,2026-11-13,EXP-0009,BUY-0020,Surat,Spain,ES,Valencia,Sea LCL,DAP,2026-12-19,PRE_PRODUCTION,USD,39579.58,1696.65,8.782,62,Do not stack
SHP-000143,2026-08-20,EXP-0002,BUY-0008,Mumbai,FR,FR,Marseille,Sea LCL,CIF,2026-09-24,PRODUCT_APPROVAL,USD,29134.73,3656.82,22.25,132,Retail launch deadline
SHP-000144,2026-09-27,EXP-0005,BUY-0017,Bengaluru,NL,NL,Rotterdam,Air,DAP,2026-10-11,PRE_PRODUCTION,USD,19369.8,290.97,2.039,11,Moisture protection requested
SHP-000145,2026-09-28,EXP-0001,BUY-0009,Delhi,IT,IT,Genoa,Sea LCL,DAP,2026-11-13,PRE_PRODUCTION,USD,56657.34,1935.72,10.235,70,Do not stack
SHP-000146,2026-07-04,EXP-0012,BUY-0004,Mumbai,Italy,IT,Genoa,Sea LCL,DAP,2026-08-18,PRODUCT_APPROVAL,USD,35262.86,614.82,4.21,22,
SHP-000147,2026-07-29,EXP-0004,BUY-0029,Kolkata,Italia,IT,Genoa,Sea LCL,DAP,2026-09-07,CUSTOMS_PREPARATION,USD,97097.96,5144.97,34.628,186,Moisture protection requested
SHP-000148,2026-11-02,EXP-0008,BUY-0010,Ludhiana,ES,ES,Barcelona,Air,DAP,2026-11-16,PACKING,USD,61520.43,588.14,3.985,22,Moisture protection requested
SHP-000149,2026-08-30,EXP-0002,BUY-0007,Mumbai,The Netherlands,NL,Rotterdam,Sea LCL,DAP,2026-10-14,IN_TRANSIT,USD,79518.5,2444.56,14.853,88,Do not stack
SHP-000150,2026-11-05,EXP-0009,BUY-0001,Surat,Federal Republic of Germany,DE,Hamburg,Sea LCL,CIF,2026-12-23,PRE_PRODUCTION,USD,23675.73,2250.87,11.078,81,Standard
SHP-000151,2026-11-13,EXP-0003,BUY-0027,Chennai,The Netherlands,NL,Rotterdam,Air,FOB,2026-11-25,PACKING,USD,5767.0,363.11,2.185,13,Do not stack
SHP-000152,2026-11-09,EXP-0010,BUY-0027,Tiruppur,The Netherlands,NL,Rotterdam,Air,CIP,2026-11-24,DISPATCH,USD,47490.3,729.27,3.73,27,
SHP-000153,2026-10-03,EXP-0010,BUY-0005,Tiruppur,Spain,ES,Valencia,Air,DAP,2026-10-13,DISPATCH,USD,41810.64,447.07,3.605,16,Retail launch deadline
SHP-000154,2026-10-17,EXP-0011,BUY-0013,Delhi,FR,FR,Marseille,Air,CIP,2026-11-02,IN_TRANSIT,USD,13055.6,988.09,4.598,36,Moisture protection requested
SHP-000155,2026-10-26,EXP-0004,BUY-0013,Kolkata,France,FR,Le Havre,Sea LCL,DAP,2026-12-14,DISPATCH,USD,60050.2,1592.71,7.833,57,Do not stack
SHP-000156,2026-10-20,EXP-0004,BUY-0006,Kolkata,DE,DE,Bremerhaven,Sea LCL,FOB,2026-12-05,DISPATCH,USD,54334.92,2192.84,13.26,79,Retail launch deadline
SHP-000157,2026-08-16,EXP-0012,BUY-0024,Mumbai,IT,IT,Genoa,Air,CIF,2026-08-29,PACKING,USD,39729.45,496.05,3.082,18,Do not stack
SHP-000158,2026-07-18,EXP-0007,BUY-0006,Ahmedabad,Germany,DE,Hamburg,Air,FOB,2026-07-31,PACKING,USD,46300.98,550.78,4.367,20,Retail launch deadline
SHP-000159,2026-11-17,EXP-0010,BUY-0020,Tiruppur,ES,ES,Valencia,Sea LCL,DAP,2026-12-23,PACKING,USD,78135.71,1490.26,8.432,54,Do not stack
SHP-000160,2026-09-26,EXP-0001,BUY-0017,Delhi,Netherlands,NL,Rotterdam,Sea LCL,CIP,2026-10-28,CUSTOMS_PREPARATION,USD,15148.0,901.03,6.619,33,Standard
SHP-000161,2026-10-30,EXP-0005,BUY-0007,Bengaluru,The Netherlands,NL,Rotterdam,Sea LCL,CIF,2026-12-12,CUSTOMS_PREPARATION,USD,71700.18,2430.03,12.015,87,Do not stack
SHP-000162,2026-07-28,EXP-0007,BUY-0013,Ahmedabad,France,FR,Marseille,Sea LCL,CIP,2026-09-07,PACKING,USD,120565.64,3270.87,23.092,118,
SHP-000163,2026-08-04,EXP-0004,BUY-0023,Kolkata,FR,FR,Marseille,Sea LCL,CIF,2026-09-15,IN_TRANSIT,USD,91512.69,1929.21,12.96,70,Moisture protection requested
SHP-000164,2026-09-06,EXP-0005,BUY-0027,Bengaluru,The Netherlands,NL,Rotterdam,Air,FOB,2026-09-22,CUSTOMS_PREPARATION,USD,65405.9,1031.34,5.859,37,Standard
SHP-000165,2026-08-08,EXP-0007,BUY-0016,Ahmedabad,DE,DE,Bremerhaven,Air,FOB,2026-08-25,CUSTOMS_PREPARATION,USD,5064.72,228.35,1.65,9,
SHP-000166,2026-11-18,EXP-0008,BUY-0005,Ludhiana,ES,ES,Barcelona,Sea LCL,CIF,2026-12-26,DISPATCH,USD,53012.88,1094.94,8.23,40,
SHP-000167,2026-09-25,EXP-0008,BUY-0007,Ludhiana,NL,NL,Rotterdam,Sea LCL,DAP,2026-11-08,BOOKING,USD,126625.79,2521.83,18.24,91,Standard
SHP-000168,2026-11-01,EXP-0008,BUY-0027,Ludhiana,The Netherlands,NL,Rotterdam,Sea LCL,CIP,2026-12-13,PRE_PRODUCTION,USD,82595.43,2324.31,11.816,84,Standard
SHP-000169,2026-12-08,EXP-0009,BUY-0014,Surat,IT,IT,Genoa,Air,CIF,2026-12-25,PACKING,USD,42702.5,978.0,6.789,35,Moisture protection requested
SHP-000170,2026-09-24,EXP-0007,BUY-0002,Ahmedabad,Netherlands,NL,Rotterdam,Air,DAP,2026-10-10,BOOKING,USD,4298.96,128.82,0.599,5,Standard
SHP-000171,2026-09-18,EXP-0006,BUY-0016,Jaipur,DE,DE,Hamburg,Sea LCL,CIF,2026-11-01,IN_TRANSIT,USD,99746.22,3107.5,21.078,112,Retail launch deadline
SHP-000172,2026-09-01,EXP-0010,BUY-0001,Tiruppur,DE,DE,Hamburg,Sea LCL,DAP,2026-10-12,PRODUCT_APPROVAL,USD,41325.36,1186.47,8.696,43,Moisture protection requested
SHP-000173,2026-08-25,EXP-0006,BUY-0015,Jaipur,Spain,ES,Barcelona,Air,FOB,2026-09-10,BOOKING,USD,9400.58,565.78,3.011,21,Do not stack
SHP-000174,2026-11-10,EXP-0002,BUY-0004,Mumbai,Italy,IT,Genoa,Sea LCL,CIF,2026-12-20,PACKING,USD,138762.74,2978.01,14.567,107,Moisture protection requested
SHP-000175,2026-11-25,EXP-0012,BUY-0016,Mumbai,Germany,DE,Hamburg,Sea LCL,CIP,2027-01-13,BOOKING,USD,150844.6,3053.13,16.606,110,
SHP-000176,2026-08-05,EXP-0001,BUY-0030,Delhi,ES,ES,Barcelona,Air,CIP,2026-08-23,CUSTOMS_PREPARATION,USD,4368.92,284.5,2.122,11,Do not stack
SHP-000177,2026-08-03,EXP-0006,BUY-0022,Jaipur,NL,NL,Rotterdam,Sea LCL,CIF,2026-09-03,PRODUCT_APPROVAL,USD,25746.39,789.66,4.607,29,Retail launch deadline
SHP-000178,2026-08-06,EXP-0005,BUY-0004,Bengaluru,Italy,IT,Genoa,Air,CIF,2026-08-17,IN_TRANSIT,USD,22487.85,594.84,2.852,22,
SHP-000179,2026-08-31,EXP-0012,BUY-0015,Mumbai,España,ES,Barcelona,Sea LCL,CIF,2026-10-02,CUSTOMS_PREPARATION,USD,113166.52,2406.39,17.828,86,Do not stack
SHP-000180,2026-08-19,EXP-0006,BUY-0025,Jaipur,ES,ES,Barcelona,Sea LCL,CIF,2026-10-08,PRODUCT_APPROVAL,USD,68987.32,2227.88,14.319,80,
SHP-000181,2026-10-06,EXP-0005,BUY-0023,Bengaluru,FR,FR,Marseille,Sea LCL,FOB,2026-11-25,IN_TRANSIT,USD,10896.2,450.2,2.078,17,Moisture protection requested
SHP-000182,2026-11-07,EXP-0004,BUY-0027,Kolkata,NL,NL,Rotterdam,Air,CIF,2026-11-18,CUSTOMS_PREPARATION,USD,13671.32,179.9,0.936,7,Do not stack
SHP-000183,2026-11-17,EXP-0009,BUY-0030,Surat,ES,ES,Valencia,Sea LCL,CIF,2026-12-21,PACKING,USD,54998.88,672.61,4.405,25,Standard
SHP-000184,2026-08-05,EXP-0010,BUY-0003,Tiruppur,FR,FR,Le Havre,Sea LCL,CIP,2026-09-12,DISPATCH,USD,23883.75,654.6,3.64,24,Moisture protection requested
SHP-000185,2026-07-25,EXP-0004,BUY-0013,Kolkata,FR,FR,Le Havre,Sea LCL,CIF,2026-09-01,PRODUCT_APPROVAL,USD,116790.64,2625.89,18.112,95,Retail launch deadline
SHP-000186,2026-09-03,EXP-0011,BUY-0008,Delhi,French Republic,FR,Marseille,Sea LCL,DAP,2026-10-14,BOOKING,USD,85459.25,2623.97,14.445,95,Retail launch deadline
SHP-000187,2026-08-09,EXP-0008,BUY-0022,Ludhiana,Netherlands,NL,Rotterdam,Sea LCL,CIP,2026-09-13,DISPATCH,USD,69353.2,2104.11,13.744,76,
SHP-000188,2026-07-18,EXP-0006,BUY-0003,Jaipur,French Republic,FR,Marseille,Sea LCL,FOB,2026-08-24,CUSTOMS_PREPARATION,USD,102894.09,1807.72,10.31,66,Do not stack
SHP-000189,2026-11-13,EXP-0010,BUY-0008,Tiruppur,FR,FR,Marseille,Sea LCL,DAP,2026-12-16,DISPATCH,USD,46703.9,1991.8,12.117,72,Standard
SHP-000190,2026-08-20,EXP-0010,BUY-0009,Tiruppur,IT,IT,Genoa,Sea LCL,CIP,2026-10-08,IN_TRANSIT,USD,64656.84,3800.88,24.863,136,
SHP-000191,2026-08-06,EXP-0010,BUY-0019,Tiruppur,Italy,IT,Genoa,Air,FOB,2026-08-23,PACKING,USD,41783.24,1335.22,8.554,48,Standard
SHP-000192,2026-11-04,EXP-0012,BUY-0008,Mumbai,France,FR,Marseille,Sea LCL,CIF,2026-12-20,PACKING,USD,80547.05,2476.54,12.721,90,Moisture protection requested
SHP-000193,2026-09-09,EXP-0007,BUY-0014,Ahmedabad,Italy,IT,Genoa,Sea LCL,FOB,2026-10-13,IN_TRANSIT,USD,79727.7,2643.51,14.255,95,Moisture protection requested
SHP-000194,2026-07-19,EXP-0006,BUY-0007,Jaipur,The Netherlands,NL,Rotterdam,Sea LCL,FOB,2026-09-07,IN_TRANSIT,USD,89473.43,3005.99,18.612,108,Retail launch deadline
SHP-000195,2026-08-21,EXP-0007,BUY-0001,Ahmedabad,Germany,DE,Bremerhaven,Sea LCL,DAP,2026-10-03,PRODUCT_APPROVAL,USD,142440.01,2273.99,14.562,82,Do not stack
SHP-000196,2026-11-25,EXP-0002,BUY-0023,Mumbai,FR,FR,Le Havre,Sea LCL,CIP,2026-12-30,PRODUCT_APPROVAL,USD,84066.86,1802.54,12.125,66,Standard
SHP-000197,2026-09-18,EXP-0010,BUY-0007,Tiruppur,Netherlands,NL,Rotterdam,Sea LCL,CIF,2026-10-30,PRE_PRODUCTION,USD,51867.66,3114.11,16.468,112,Moisture protection requested
SHP-000198,2026-07-03,EXP-0001,BUY-0025,Delhi,España,ES,Barcelona,Air,CIP,2026-07-16,IN_TRANSIT,USD,35517.28,1399.87,9.132,50,Retail launch deadline
SHP-000199,2026-11-12,EXP-0004,BUY-0024,Kolkata,Italy,IT,Genoa,Sea LCL,DAP,2026-12-18,IN_TRANSIT,USD,3591.92,149.77,0.739,6,Do not stack
SHP-000200,2026-09-28,EXP-0003,BUY-0030,Chennai,España,ES,Valencia,Air,CIP,2026-10-12,PACKING,USD,9859.66,802.41,5.932,29,Retail launch deadline
SHP-000201,2026-08-21,EXP-0008,BUY-0009,Ludhiana,Italia,IT,Genoa,Air,DAP,2026-09-06,PRE_PRODUCTION,USD,33649.0,470.94,2.489,17,Do not stack
SHP-000202,2026-11-08,EXP-0008,BUY-0002,Ludhiana,The Netherlands,NL,Rotterdam,Sea LCL,FOB,2026-12-17,CUSTOMS_PREPARATION,USD,39507.92,1854.33,9.612,67,Standard
SHP-000203,2026-07-27,EXP-0001,BUY-0025,Delhi,Spain,ES,Barcelona,Sea LCL,DAP,2026-09-12,PACKING,USD,13253.21,1079.94,8.271,39,Do not stack
SHP-000204,2026-10-22,EXP-0006,BUY-0016,Jaipur,Federal Republic of Germany,DE,Hamburg,Sea LCL,CIF,2026-11-22,BOOKING,USD,12437.88,2217.33,17.579,80,
SHP-000205,2026-09-10,EXP-0002,BUY-0003,Mumbai,France,FR,Le Havre,Sea LCL,DAP,2026-10-23,CUSTOMS_PREPARATION,USD,53491.09,1629.29,8.779,59,Standard
SHP-000206,2026-07-29,EXP-0001,BUY-0020,Delhi,España,ES,Barcelona,Sea LCL,DAP,2026-09-17,PRODUCT_APPROVAL,USD,46233.72,619.43,3.262,23,Do not stack
SHP-000207,2026-08-15,EXP-0007,BUY-0006,Ahmedabad,Germany,DE,Hamburg,Air,CIF,2026-08-25,PRE_PRODUCTION,USD,6936.8,627.62,2.915,23,
SHP-000208,2026-10-28,EXP-0006,BUY-0026,Jaipur,Germany,DE,Bremerhaven,Sea LCL,CIP,2026-12-13,PRE_PRODUCTION,USD,4663.09,553.43,2.726,20,
SHP-000209,2026-10-19,EXP-0004,BUY-0012,Kolkata,NL,NL,Rotterdam,Sea LCL,CIF,2026-11-27,CUSTOMS_PREPARATION,USD,146967.48,2982.35,16.286,107,Moisture protection requested
SHP-000210,2026-08-17,EXP-0010,BUY-0021,Tiruppur,Federal Republic of Germany,DE,Hamburg,Sea LCL,CIF,2026-10-02,BOOKING,USD,58820.58,2851.4,21.21,102,
SHP-000211,2026-08-30,EXP-0010,BUY-0004,Tiruppur,IT,IT,Genoa,Sea LCL,FOB,2026-10-06,PRE_PRODUCTION,USD,29050.96,305.23,2.138,11,Moisture protection requested
SHP-000212,2026-12-05,EXP-0006,BUY-0016,Jaipur,Federal Republic of Germany,DE,Hamburg,Sea LCL,CIF,2027-01-22,IN_TRANSIT,USD,70417.77,2298.85,14.238,83,Do not stack
SHP-000213,2026-11-11,EXP-0003,BUY-0020,Chennai,España,ES,Valencia,Sea LCL,CIF,2026-12-25,BOOKING,USD,125967.07,4540.48,29.272,164,Do not stack
SHP-000214,2026-08-22,EXP-0009,BUY-0018,Surat,French Republic,FR,Marseille,Air,DAP,2026-09-01,IN_TRANSIT,USD,75523.28,1523.08,7.194,55,Retail launch deadline
SHP-000215,2026-08-12,EXP-0012,BUY-0027,Mumbai,NL,NL,Rotterdam,Sea LCL,DAP,2026-09-16,CUSTOMS_PREPARATION,USD,23020.53,466.95,2.906,17,Moisture protection requested
SHP-000216,2026-07-21,EXP-0004,BUY-0003,Kolkata,French Republic,FR,Marseille,Air,DAP,2026-07-31,BOOKING,USD,36531.0,1483.66,10.617,53,Standard
SHP-000217,2026-08-27,EXP-0006,BUY-0003,Jaipur,French Republic,FR,Le Havre,Sea LCL,DAP,2026-10-01,PACKING,USD,85355.95,3647.12,22.393,131,Moisture protection requested
SHP-000218,2026-09-18,EXP-0006,BUY-0015,Jaipur,España,ES,Barcelona,Air,CIP,2026-10-04,CUSTOMS_PREPARATION,USD,47735.3,1217.54,7.563,44,Standard
SHP-000219,2026-11-27,EXP-0001,BUY-0017,Delhi,NL,NL,Rotterdam,Sea LCL,FOB,2027-01-14,CUSTOMS_PREPARATION,USD,63707.36,2278.78,12.518,82,Moisture protection requested
SHP-000220,2026-07-11,EXP-0010,BUY-0007,Tiruppur,NL,NL,Rotterdam,Air,FOB,2026-07-23,CUSTOMS_PREPARATION,USD,57901.2,577.67,2.951,21,
SHP-000221,2026-07-12,EXP-0002,BUY-0013,Mumbai,FR,FR,Le Havre,Air,CIF,2026-07-25,BOOKING,USD,68491.32,906.42,4.356,33,Standard
SHP-000222,2026-11-29,EXP-0008,BUY-0020,Ludhiana,ES,ES,Barcelona,Sea LCL,DAP,2027-01-16,PRODUCT_APPROVAL,USD,34548.39,467.5,3.742,17,Do not stack
SHP-000223,2026-07-06,EXP-0011,BUY-0016,Delhi,DE,DE,Hamburg,Sea LCL,CIF,2026-08-25,CUSTOMS_PREPARATION,USD,141836.56,4895.54,34.001,176,Do not stack
SHP-000224,2026-10-03,EXP-0007,BUY-0021,Ahmedabad,Germany,DE,Bremerhaven,Sea LCL,CIP,2026-11-05,PRODUCT_APPROVAL,USD,95184.51,3714.24,21.232,133,
SHP-000225,2026-11-05,EXP-0002,BUY-0021,Mumbai,DE,DE,Bremerhaven,Sea LCL,DAP,2026-12-12,BOOKING,USD,53034.19,1246.96,5.86,45,Do not stack
SHP-000226,2026-08-11,EXP-0008,BUY-0013,Ludhiana,FR,FR,Le Havre,Sea LCL,FOB,2026-09-21,DISPATCH,USD,87725.84,3037.82,17.956,109,Retail launch deadline
SHP-000227,2026-08-09,EXP-0004,BUY-0029,Kolkata,Italy,IT,Genoa,Sea LCL,DAP,2026-09-17,PRODUCT_APPROVAL,USD,100541.67,2956.36,16.288,107,Do not stack
SHP-000228,2026-08-27,EXP-0008,BUY-0029,Ludhiana,Italia,IT,Genoa,Sea LCL,CIP,2026-10-04,PRODUCT_APPROVAL,USD,40212.44,3619.33,27.775,130,Moisture protection requested
SHP-000229,2026-12-08,EXP-0008,BUY-0007,Ludhiana,NL,NL,Rotterdam,Sea LCL,CIP,2027-01-26,PRE_PRODUCTION,USD,39337.92,815.58,4.862,30,Retail launch deadline
SHP-000230,2026-08-28,EXP-0006,BUY-0012,Jaipur,NL,NL,Rotterdam,Air,CIF,2026-09-10,BOOKING,USD,66499.08,1027.49,5.132,37,Retail launch deadline
SHP-000231,2026-09-23,EXP-0011,BUY-0006,Delhi,DE,DE,Bremerhaven,Sea LCL,CIP,2026-11-06,BOOKING,USD,181968.7,3254.43,20.333,118,Retail launch deadline
SHP-000232,2026-09-09,EXP-0012,BUY-0018,Mumbai,French Republic,FR,Marseille,Sea LCL,CIP,2026-10-21,BOOKING,USD,42559.44,1630.27,8.411,59,
SHP-000233,2026-07-24,EXP-0011,BUY-0002,Delhi,NL,NL,Rotterdam,Sea LCL,CIF,2026-09-02,PRE_PRODUCTION,USD,175683.2,5936.18,40.307,213,Standard
SHP-000234,2026-09-15,EXP-0005,BUY-0029,Bengaluru,Italy,IT,Genoa,Air,FOB,2026-10-03,PACKING,USD,20869.2,576.51,3.095,21,Standard
SHP-000235,2026-07-25,EXP-0011,BUY-0003,Delhi,FR,FR,Marseille,Air,CIF,2026-08-03,IN_TRANSIT,USD,58360.78,1533.09,7.519,55,Retail launch deadline
SHP-000236,2026-10-07,EXP-0001,BUY-0008,Delhi,France,FR,Marseille,Sea LCL,CIP,2026-11-20,IN_TRANSIT,USD,58401.0,2092.92,11.728,75,Moisture protection requested
SHP-000237,2026-08-20,EXP-0009,BUY-0023,Surat,French Republic,FR,Marseille,Sea LCL,FOB,2026-10-09,PRE_PRODUCTION,USD,54095.44,1150.33,7.27,42,Standard
SHP-000238,2026-11-16,EXP-0003,BUY-0016,Chennai,Germany,DE,Hamburg,Sea LCL,CIF,2026-12-17,BOOKING,USD,38894.24,1630.67,12.865,59,Standard
SHP-000239,2026-11-07,EXP-0009,BUY-0016,Surat,Federal Republic of Germany,DE,Hamburg,Air,FOB,2026-11-21,PACKING,USD,16237.1,1123.24,8.855,41,Retail launch deadline
SHP-000240,2026-09-09,EXP-0012,BUY-0021,Mumbai,Federal Republic of Germany,DE,Hamburg,Air,CIF,2026-09-23,PRE_PRODUCTION,USD,90480.0,991.32,5.841,36,
SHP-000241,2026-11-28,EXP-0009,BUY-0007,Surat,The Netherlands,NL,Rotterdam,Sea LCL,FOB,2027-01-09,PRE_PRODUCTION,USD,42776.58,3079.92,20.286,110,
SHP-000242,2026-08-21,EXP-0004,BUY-0001,Kolkata,DE,DE,Bremerhaven,Air,CIP,2026-09-01,PRODUCT_APPROVAL,USD,25395.2,590.81,3.963,22,Moisture protection requested
SHP-000243,2026-09-28,EXP-0008,BUY-0020,Ludhiana,ES,ES,Valencia,Sea LCL,CIP,2026-10-28,DISPATCH,USD,90447.44,3359.5,15.494,120,Retail launch deadline
SHP-000244,2026-08-09,EXP-0008,BUY-0021,Ludhiana,DE,DE,Bremerhaven,Sea LCL,CIP,2026-09-22,DISPATCH,USD,90456.28,1739.1,8.72,63,Retail launch deadline
SHP-000245,2026-11-02,EXP-0009,BUY-0013,Surat,FR,FR,Le Havre,Sea LCL,DAP,2026-12-20,IN_TRANSIT,USD,111343.57,1932.89,10.195,70,Do not stack
SHP-000246,2026-11-02,EXP-0002,BUY-0008,Mumbai,FR,FR,Marseille,Sea LCL,CIF,2026-12-10,PRODUCT_APPROVAL,USD,114159.7,1978.02,13.516,72,Standard
SHP-000247,2026-09-26,EXP-0008,BUY-0026,Ludhiana,DE,DE,Bremerhaven,Sea LCL,DAP,2026-11-02,PACKING,USD,28552.99,1289.92,6.124,47,Standard
SHP-000248,2026-10-08,EXP-0001,BUY-0003,Delhi,FR,FR,Le Havre,Sea LCL,DAP,2026-11-17,CUSTOMS_PREPARATION,USD,60184.6,2037.49,10.418,74,Do not stack
SHP-000249,2026-12-02,EXP-0005,BUY-0006,Bengaluru,DE,DE,Bremerhaven,Air,DAP,2026-12-16,IN_TRANSIT,USD,38971.66,975.99,5.709,35,Standard
SHP-000250,2026-09-05,EXP-0007,BUY-0019,Ahmedabad,Italia,IT,Genoa,Sea LCL,DAP,2026-10-19,PACKING,USD,93732.68,2320.53,12.138,83,Retail launch deadline
SHP-000251,2026-11-27,EXP-0012,BUY-0030,Mumbai,ES,ES,Barcelona,Air,FOB,2026-12-13,PACKING,USD,43690.32,1000.71,6.624,36,Moisture protection requested
SHP-000252,2026-09-07,EXP-0010,BUY-0026,Tiruppur,DE,DE,Hamburg,Sea LCL,DAP,2026-10-14,PRE_PRODUCTION,USD,73564.1,1355.53,8.53,49,Retail launch deadline
SHP-000253,2026-08-15,EXP-0011,BUY-0026,Delhi,DE,DE,Hamburg,Sea LCL,CIF,2026-09-18,PACKING,USD,95496.5,2271.36,16.636,82,Standard
SHP-000254,2026-11-05,EXP-0002,BUY-0020,Mumbai,Spain,ES,Valencia,Sea LCL,FOB,2026-12-18,PACKING,USD,1978.2,252.37,1.157,10,Moisture protection requested
SHP-000255,2026-08-31,EXP-0003,BUY-0018,Chennai,France,FR,Marseille,Sea LCL,FOB,2026-10-15,PRODUCT_APPROVAL,USD,38236.44,1957.22,10.441,70,Retail launch deadline
SHP-000256,2026-08-24,EXP-0010,BUY-0002,Tiruppur,NL,NL,Rotterdam,Air,DAP,2026-09-08,PACKING,USD,35775.48,661.26,3.108,24,
SHP-000257,2026-08-06,EXP-0002,BUY-0012,Mumbai,The Netherlands,NL,Rotterdam,Air,FOB,2026-08-19,BOOKING,USD,73879.22,1315.42,6.626,47,Retail launch deadline
SHP-000258,2026-12-01,EXP-0011,BUY-0022,Delhi,The Netherlands,NL,Rotterdam,Air,CIP,2026-12-16,DISPATCH,USD,81356.0,1152.89,6.726,42,Retail launch deadline
SHP-000259,2026-09-10,EXP-0003,BUY-0001,Chennai,Federal Republic of Germany,DE,Bremerhaven,Sea LCL,CIP,2026-10-28,CUSTOMS_PREPARATION,USD,19646.61,4278.43,26.634,153,Standard
SHP-000260,2026-07-20,EXP-0012,BUY-0007,Mumbai,NL,NL,Rotterdam,Sea LCL,CIP,2026-08-28,IN_TRANSIT,USD,85641.26,2535.05,13.575,92,Standard
SHP-000261,2026-07-15,EXP-0011,BUY-0014,Delhi,Italia,IT,Genoa,Air,CIF,2026-07-27,PRODUCT_APPROVAL,USD,19569.71,226.75,1.325,9,Retail launch deadline
SHP-000262,2026-07-23,EXP-0002,BUY-0013,Mumbai,France,FR,Le Havre,Sea LCL,CIP,2026-09-02,PRODUCT_APPROVAL,USD,62349.28,554.14,4.082,20,Do not stack
SHP-000263,2026-07-01,EXP-0012,BUY-0017,Mumbai,Netherlands,NL,Rotterdam,Sea LCL,CIF,2026-08-10,BOOKING,USD,72454.48,1776.23,9.217,64,
SHP-000264,2026-07-09,EXP-0001,BUY-0021,Delhi,DE,DE,Hamburg,Sea LCL,CIP,2026-08-12,IN_TRANSIT,USD,68021.91,3247.28,18.499,117,
SHP-000265,2026-10-02,EXP-0004,BUY-0006,Kolkata,Federal Republic of Germany,DE,Hamburg,Sea LCL,DAP,2026-11-07,PACKING,USD,106527.44,2314.2,12.082,83,
SHP-000266,2026-07-20,EXP-0012,BUY-0005,Mumbai,España,ES,Valencia,Air,DAP,2026-08-01,PACKING,USD,4111.48,455.98,2.944,17,Retail launch deadline
SHP-000267,2026-07-28,EXP-0010,BUY-0020,Tiruppur,España,ES,Barcelona,Sea LCL,CIP,2026-08-28,DISPATCH,USD,99316.68,4641.46,33.749,167,
SHP-000268,2026-11-07,EXP-0001,BUY-0004,Delhi,Italia,IT,Genoa,Sea LCL,DAP,2026-12-20,CUSTOMS_PREPARATION,USD,22388.18,2198.43,13.688,79,Do not stack
SHP-000269,2026-09-04,EXP-0001,BUY-0030,Delhi,España,ES,Barcelona,Sea LCL,CIF,2026-10-19,PRE_PRODUCTION,USD,13825.92,226.37,1.746,9,Moisture protection requested
SHP-000270,2026-12-06,EXP-0002,BUY-0019,Mumbai,IT,IT,Genoa,Sea LCL,FOB,2027-01-11,DISPATCH,USD,11504.64,2187.18,10.007,79,Moisture protection requested
SHP-000271,2026-12-07,EXP-0006,BUY-0015,Jaipur,España,ES,Barcelona,Sea LCL,CIP,2027-01-13,PRE_PRODUCTION,USD,96880.39,2869.92,19.395,103,Do not stack
SHP-000272,2026-11-04,EXP-0004,BUY-0012,Kolkata,The Netherlands,NL,Rotterdam,Sea LCL,CIF,2026-12-17,PRODUCT_APPROVAL,USD,206949.99,2971.04,16.51,108,Moisture protection requested
SHP-000273,2026-07-15,EXP-0001,BUY-0018,Delhi,French Republic,FR,Marseille,Sea LCL,FOB,2026-08-27,PRODUCT_APPROVAL,USD,24222.72,1845.99,9.228,66,Moisture protection requested
SHP-000274,2026-07-16,EXP-0005,BUY-0024,Bengaluru,Italy,IT,Genoa,Air,DAP,2026-08-02,IN_TRANSIT,USD,7625.24,324.12,1.921,12,Standard
SHP-000275,2026-08-22,EXP-0003,BUY-0024,Chennai,Italy,IT,Genoa,Sea LCL,FOB,2026-09-25,PACKING,USD,35803.6,794.96,4.084,29,Retail launch deadline
SHP-000276,2026-10-15,EXP-0003,BUY-0029,Chennai,IT,IT,Genoa,Sea LCL,FOB,2026-12-03,PRE_PRODUCTION,USD,53358.84,1765.3,10.653,64,Standard
SHP-000277,2026-08-30,EXP-0003,BUY-0008,Chennai,French Republic,FR,Marseille,Sea LCL,DAP,2026-10-13,IN_TRANSIT,USD,65997.6,3619.61,19.074,130,Do not stack
SHP-000278,2026-11-15,EXP-0001,BUY-0002,Delhi,The Netherlands,NL,Rotterdam,Sea LCL,CIF,2026-12-25,DISPATCH,USD,15627.8,608.94,3.618,23,Do not stack
SHP-000279,2026-08-12,EXP-0007,BUY-0004,Ahmedabad,Italia,IT,Genoa,Sea LCL,CIF,2026-09-15,DISPATCH,USD,7478.2,472.48,2.999,17,Moisture protection requested
SHP-000280,2026-07-09,EXP-0001,BUY-0003,Delhi,FR,FR,Le Havre,Sea LCL,FOB,2026-08-24,PRODUCT_APPROVAL,USD,74080.95,1078.03,8.598,39,Retail launch deadline
SHP-000281,2026-09-27,EXP-0003,BUY-0028,Chennai,France,FR,Marseille,Air,CIF,2026-10-14,PACKING,USD,4082.4,122.34,0.569,5,Retail launch deadline
SHP-000282,2026-11-13,EXP-0005,BUY-0015,Bengaluru,Spain,ES,Valencia,Sea LCL,CIF,2026-12-14,CUSTOMS_PREPARATION,USD,71499.48,3618.04,25.643,130,Do not stack
SHP-000283,2026-08-08,EXP-0004,BUY-0023,Kolkata,French Republic,FR,Le Havre,Sea LCL,CIF,2026-09-11,PACKING,USD,81755.65,1580.6,8.475,57,Do not stack
SHP-000284,2026-11-23,EXP-0012,BUY-0019,Mumbai,IT,IT,Genoa,Sea LCL,CIP,2026-12-25,PRE_PRODUCTION,USD,141673.72,4159.4,31.274,150,
SHP-000285,2026-11-16,EXP-0003,BUY-0017,Chennai,NL,NL,Rotterdam,Sea LCL,CIF,2026-12-23,DISPATCH,USD,54099.5,2324.05,11.741,84,Moisture protection requested
SHP-000286,2026-08-04,EXP-0004,BUY-0028,Kolkata,French Republic,FR,Marseille,Sea LCL,FOB,2026-09-16,DISPATCH,USD,38295.0,419.24,2.103,15,Moisture protection requested
SHP-000287,2026-11-03,EXP-0001,BUY-0004,Delhi,IT,IT,Genoa,Sea LCL,DAP,2026-12-13,PACKING,USD,88265.7,1618.94,9.893,59,
SHP-000288,2026-10-15,EXP-0007,BUY-0020,Ahmedabad,España,ES,Barcelona,Air,FOB,2026-10-25,PRE_PRODUCTION,USD,23517.21,595.86,4.458,22,
SHP-000289,2026-11-16,EXP-0002,BUY-0008,Mumbai,French Republic,FR,Le Havre,Sea LCL,FOB,2027-01-05,DISPATCH,USD,46891.5,944.72,6.537,34,
SHP-000290,2026-11-26,EXP-0001,BUY-0015,Delhi,Spain,ES,Barcelona,Sea LCL,CIF,2027-01-13,CUSTOMS_PREPARATION,USD,115607.17,4154.46,22.578,149,Moisture protection requested
SHP-000291,2026-09-01,EXP-0007,BUY-0001,Ahmedabad,Germany,DE,Hamburg,Sea LCL,CIP,2026-10-04,IN_TRANSIT,USD,61094.7,2257.12,11.74,82,Moisture protection requested
SHP-000292,2026-10-08,EXP-0004,BUY-0023,Kolkata,France,FR,Marseille,Sea LCL,CIP,2026-11-16,IN_TRANSIT,USD,55662.28,3158.06,16.285,114,
SHP-000293,2026-09-03,EXP-0009,BUY-0008,Surat,French Republic,FR,Marseille,Sea LCL,CIP,2026-10-13,DISPATCH,USD,75647.7,3161.36,18.239,114,Do not stack
SHP-000294,2026-07-27,EXP-0011,BUY-0011,Delhi,DE,DE,Hamburg,Air,CIP,2026-08-10,BOOKING,USD,10618.2,505.57,3.345,19,Do not stack
SHP-000295,2026-10-30,EXP-0005,BUY-0004,Bengaluru,IT,IT,Genoa,Air,FOB,2026-11-08,CUSTOMS_PREPARATION,USD,9760.8,143.28,0.955,6,Retail launch deadline
SHP-000296,2026-10-14,EXP-0007,BUY-0020,Ahmedabad,Spain,ES,Valencia,Sea LCL,CIF,2026-11-19,PACKING,USD,18358.2,997.79,5.011,36,Standard
SHP-000297,2026-08-31,EXP-0012,BUY-0024,Mumbai,Italy,IT,Genoa,Sea LCL,DAP,2026-10-17,BOOKING,USD,82678.14,3478.15,16.258,125,
SHP-000298,2026-10-27,EXP-0010,BUY-0018,Tiruppur,FR,FR,Marseille,Air,DAP,2026-11-07,BOOKING,USD,51151.1,1434.21,8.643,52,Moisture protection requested
SHP-000299,2026-10-24,EXP-0011,BUY-0017,Delhi,NL,NL,Rotterdam,Air,CIP,2026-11-05,CUSTOMS_PREPARATION,USD,52861.98,1387.85,8.437,50,
SHP-000300,2026-08-11,EXP-0006,BUY-0008,Jaipur,FR,FR,Le Havre,Sea LCL,CIP,2026-09-10,CUSTOMS_PREPARATION,USD,40399.24,3348.34,23.63,120,Retail launch deadline
